Date,Route,Price,Timestamp
2025-12-07,LAX --> PPT,"Refundable Partner Business
+ $19
220k miles",2025-01-30 03:33:57.951259
2025-12-27,PPT --> LAX,"Refundable Partner Business
+ $66
60k miles
only 2 left",2025-01-30 14:35:37.114253
2025-12-27,LAX --> PPT,"Refundable Partner Business
+ $19
220k miles",2025-01-30 14:35:41.774680
2025-12-27,PPT --> LAX,"Refundable Partner Business
+ $66
60k miles
only 2 left",2025-01-30 14:48:03.890561
2025-12-27,LAX --> PPT,"Refundable Partner Business
+ $19
220k miles",2025-01-30 14:48:07.846366
2025-12-27,PPT --> LAX,"Refundable Partner Business
+ $66
60k miles
only 2 left",2025-01-30 15:17:42.819842
2025-12-27,LAX --> PPT,"Refundable Partner Business
+ $19
220k miles",2025-01-30 15:17:46.838224
2025-12-27,PPT --> LAX,"Refundable Partner Business
+ $66
60k miles
only 2 left",2025-01-30 15:33:32.389692
2025-12-27,LAX --> PPT,"Refundable Partner Business
+ $19
220k miles",2025-01-30 15:33:36.271493
2025-12-27,PPT --> LAX,"Refundable Partner Business
+ $66
60k miles
only 2 left",2025-01-30 15:47:15.913771
2025-12-27,LAX --> PPT,"Refundable Partner Business
+ $19
220k miles",2025-01-30 15:47:19.864971
2025-12-27,PPT --> LAX,"Refundable Partner Business
+ $66
60k miles
only 2 left",2025-01-30 16:21:04.034057
2025-12-27,LAX --> PPT,"Refundable Partner Business
+ $19
220k miles",2025-01-30 16:21:07.835352
2025-12-27,PPT --> LAX,"Refundable Partner Business
+ $66
220k miles
only 4 left",2025-01-30 16:49:57.092511
2025-12-27,LAX --> PPT,"Refundable Partner Business
+ $19
220k miles",2025-01-30 16:50:01.705236
2025-12-27,PPT --> LAX,"Refundable Partner Business
+ $66
220k miles
only 4 left",2025-01-30 17:14:41.538481
2025-12-27,LAX --> PPT,"Refundable Partner Business
+ $19
220k miles",2025-01-30 17:14:45.828195
2025-12-27,PPT --> LAX,"Refundable Partner Business
+ $66
220k miles
only 4 left",2025-01-30 17:31:59.217967
2025-12-27,LAX --> PPT,"Refundable Partner Business
+ $19
220k miles",2025-01-30 17:32:03.064978
2025-12-27,PPT --> LAX,"Refundable Partner Business
+ $66
220k miles
only 4 left",2025-01-30 17:47:11.101069
2025-12-27,LAX --> PPT,"Refundable Partner Business
+ $19
220k miles",2025-01-30 17:47:15.702630
2025-12-27,PPT --> LAX,"Refundable Partner Business
+ $66
220k miles
only 4 left",2025-01-30 18:22:46.868635
2025-12-27,LAX --> PPT,"Refundable Partner Business
+ $19
220k miles",2025-01-30 18:22:50.665067
2025-12-27,PPT --> LAX,"Refundable Partner Business
+ $66
220k miles
only 4 left",2025-01-30 18:48:33.754786
2025-12-27,LAX --> PPT,"Refundable Partner Business
+ $19
220k miles",2025-01-30 18:48:37.521743
2025-12-27,PPT --> LAX,"Refundable Partner Business
+ $66
220k miles
only 4 left",2025-01-30 19:13:40.098374
2025-12-27,LAX --> PPT,"Refundable Partner Business
+ $19
220k miles",2025-01-30 19:13:43.916020
2025-12-27,PPT --> LAX,"Refundable Partner Business
+ $66
220k miles
only 4 left",2025-01-30 19:28:26.246670
2025-12-27,LAX --> PPT,"Refundable Partner Business
+ $19
220k miles",2025-01-30 19:28:29.943392
2025-12-27,PPT --> LAX,"Refundable Partner Business
+ $66
220k miles
only 4 left",2025-01-30 19:47:34.835073
2025-12-27,PPT --> LAX,"Refundable Partner Business
+ $66
220k miles
only 4 left",2025-01-30 20:18:00.353627
2025-12-27,PPT --> LAX,"Refundable Partner Business
+ $66
220k miles
only 4 left",2025-01-30 20:33:13.046604
2025-12-27,PPT --> LAX,"Refundable Partner Business
+ $66
220k miles
only 4 left",2025-01-30 20:47:30.287437
2025-12-27,PPT --> LAX,"Refundable Partner Business
+ $66
220k miles
only 4 left",2025-01-30 21:16:30.731253
2025-12-27,PPT --> LAX,"Refundable Partner Business
+ $66
220k miles
only 4 left",2025-01-30 21:28:53.597654
2025-12-27,PPT --> LAX,"Refundable Partner Business
+ $66
220k miles
only 4 left",2025-01-30 21:47:32.617289
2025-12-27,PPT --> LAX,"Refundable Partner Business
+ $66
220k miles
only 4 left",2025-01-30 22:15:41.158237
2025-12-27,PPT --> LAX,"Refundable Partner Business
+ $66
220k miles
only 4 left",2025-01-30 22:33:26.832141
2025-12-27,PPT --> LAX,"Refundable Partner Business
+ $66
220k miles
only 4 left",2025-01-30 22:47:13.797599
2025-12-27,PPT --> LAX,"Refundable Partner Business
+ $66
220k miles
only 4 left",2025-01-30 23:17:15.629738
2025-12-27,PPT --> LAX,"Refundable Partner Business
+ $66
220k miles
only 4 left",2025-01-30 23:30:55.526278
2025-12-27,PPT --> LAX,"Refundable Partner Business
+ $66
220k miles
only 4 left",2025-01-30 23:47:13.243878
2025-12-28,PPT --> LAX,"Refundable Partner Business
+ $71
85k miles
A guest will be in different cabins for different segments of the trip.
Mixed itinerary:
PPT to SEA–Business
SEA to LAX–Main",2025-01-31 08:21:21.780381
2025-12-28,PPT --> LAX,"Refundable Partner Business
+ $71
85k miles
A guest will be in different cabins for different segments of the trip.
Mixed itinerary:
PPT to SEA–Business
SEA to LAX–Main",2025-01-31 08:46:54.285161
2025-12-28,PPT --> LAX,"Refundable Partner Business
+ $71
85k miles
A guest will be in different cabins for different segments of the trip.
Mixed itinerary:
PPT to SEA–Business
SEA to LAX–Main",2025-01-31 09:17:38.214704
2025-12-28,PPT --> LAX,"Refundable Partner Business
+ $71
85k miles
A guest will be in different cabins for different segments of the trip.
Mixed itinerary:
PPT to SEA–Business
SEA to LAX–Main",2025-01-31 09:32:04.795654
2025-12-28,PPT --> LAX,"Refundable Partner Business
+ $71
85k miles
A guest will be in different cabins for different segments of the trip.
Mixed itinerary:
PPT to SEA–Business
SEA to LAX–Main",2025-01-31 09:47:21.336637
2025-12-28,PPT --> LAX,"Refundable Partner Business
+ $71
85k miles
A guest will be in different cabins for different segments of the trip.
Mixed itinerary:
PPT to SEA–Business
SEA to LAX–Main",2025-01-31 10:17:08.297830
2025-12-28,PPT --> LAX,"Refundable Partner Business
+ $71
85k miles
A guest will be in different cabins for different segments of the trip.
Mixed itinerary:
PPT to SEA–Business
SEA to LAX–Main",2025-01-31 10:38:32.025941
2025-12-28,PPT --> LAX,"Refundable Partner Business
+ $71
85k miles
A guest will be in different cabins for different segments of the trip.
Mixed itinerary:
PPT to SEA–Business
SEA to LAX–Main",2025-01-31 10:50:52.675774
2025-12-28,PPT --> LAX,"Refundable Partner Business
+ $71
85k miles
A guest will be in different cabins for different segments of the trip.
Mixed itinerary:
PPT to SEA–Business
SEA to LAX–Main",2025-01-31 11:13:43.730312
2025-12-28,LAX --> PPT,"Refundable Partner Business
+ $19
60k miles
only 2 left",2025-01-31 14:15:25.155314
2025-12-28,LAX --> PPT,"Refundable Partner Business
+ $19
220k miles
only 4 left",2025-01-31 22:34:07.755750
2025-12-28,LAX --> PPT,"Refundable Partner Business
+ $19
220k miles
only 4 left",2025-01-31 22:47:17.185099
2025-12-31,PPT --> LAX,"Refundable Partner Business
+ $66
220k miles",2025-02-03 08:22:28.290378
2025-12-31,PPT --> LAX,"Refundable Partner Business
+ $66
220k miles",2025-02-03 08:48:49.067275
2025-12-31,PPT --> LAX,"Refundable Partner Business
+ $66
220k miles",2025-02-03 09:19:02.722505
2025-12-31,PPT --> LAX,"Refundable Partner Business
+ $66
220k miles",2025-02-03 09:35:08.064572
2025-12-31,PPT --> LAX,"Refundable Partner Business
+ $66
220k miles",2025-02-03 09:48:10.648980
2025-12-31,PPT --> LAX,"Refundable Partner Business
+ $66
220k miles",2025-02-03 10:18:00.596701
2025-12-31,PPT --> LAX,"Refundable Partner Business
+ $66
220k miles",2025-02-03 10:38:38.343066
2025-12-31,PPT --> LAX,"Refundable Partner Business
+ $66
220k miles",2025-02-03 10:51:51.535421
2025-12-31,PPT --> LAX,"Refundable Partner Business
+ $66
220k miles",2025-02-03 11:13:52.387893
2025-12-31,PPT --> LAX,"Refundable Partner Business
+ $66
220k miles",2025-02-03 11:28:32.398468
2025-12-31,PPT --> LAX,"Refundable Partner Business
+ $66
220k miles",2025-02-03 11:47:26.023331
2025-12-31,PPT --> LAX,"Refundable Partner Business
+ $66
220k miles",2025-02-03 12:33:22.762289
2025-12-31,PPT --> LAX,"Refundable Partner Business
+ $66
220k miles",2025-02-03 13:02:08.822360
2025-12-31,PPT --> LAX,"Refundable Partner Business
+ $66
220k miles",2025-02-03 13:33:32.238072
2025-12-31,PPT --> LAX,"Refundable Partner Business
+ $66
220k miles",2025-02-03 13:47:53.657475
2025-12-31,PPT --> LAX,"Refundable Partner Business
+ $66
220k miles",2025-02-03 14:16:36.231563
2025-12-31,PPT --> LAX,"Refundable Partner Business
+ $66
220k miles",2025-02-03 14:36:12.352658
2025-12-31,PPT --> LAX,"Refundable Partner Business
+ $66
220k miles",2025-02-03 14:49:44.188861
2025-12-31,PPT --> LAX,"Refundable Partner Business
+ $66
220k miles",2025-02-03 15:19:24.681742
2025-12-31,PPT --> LAX,"Refundable Partner Business
+ $66
220k miles",2025-02-03 15:33:44.857486
2025-12-31,PPT --> LAX,"Refundable Partner Business
+ $66
220k miles",2025-02-03 15:47:11.825909
2025-12-31,PPT --> LAX,"Refundable Partner Business
+ $66
220k miles",2025-02-03 16:20:45.573185
2025-12-31,PPT --> LAX,"Refundable Partner Business
+ $66
220k miles",2025-02-03 16:48:26.621014
2025-12-31,PPT --> LAX,"Refundable Partner Business
+ $66
220k miles",2025-02-03 17:14:48.979782
2025-12-31,PPT --> LAX,"Refundable Partner Business
+ $66
220k miles",2025-02-03 17:32:11.379202
2025-12-31,PPT --> LAX,"Refundable Partner Business
+ $66
220k miles",2025-02-03 17:47:13.727208
2025-12-31,PPT --> LAX,"Refundable Partner Business
+ $66
220k miles",2025-02-03 18:22:43.028619
2025-12-31,PPT --> LAX,"Refundable Partner Business
+ $66
220k miles",2025-02-03 18:47:10.068054
2025-12-31,PPT --> LAX,"Refundable Partner Business
+ $66
220k miles",2025-02-03 19:14:35.433649
2025-12-31,PPT --> LAX,"Refundable Partner Business
+ $66
220k miles",2025-02-03 19:28:08.673829
2025-12-31,PPT --> LAX,"Refundable Partner Business
+ $66
220k miles",2025-02-03 19:47:00.047794
2025-12-31,PPT --> LAX,"Refundable Partner Business
+ $66
220k miles",2025-02-03 20:18:22.394565
2025-12-31,PPT --> LAX,"Refundable Partner Business
+ $66
220k miles",2025-02-03 20:32:49.280118
2025-12-31,PPT --> LAX,"Refundable Partner Business
+ $66
220k miles",2025-02-03 20:47:09.091613
2025-12-31,PPT --> LAX,"Refundable Partner Business
+ $66
220k miles",2025-02-03 21:15:44.471185
2025-12-31,PPT --> LAX,"Refundable Partner Business
+ $66
220k miles",2025-02-03 21:29:54.730208
2025-12-31,PPT --> LAX,"Refundable Partner Business
+ $66
220k miles",2025-02-03 21:47:28.078735
2025-12-31,PPT --> LAX,"Refundable Partner Business
+ $66
220k miles",2025-02-03 22:15:35.875757
2025-12-31,PPT --> LAX,"Refundable Partner Business
+ $66
220k miles",2025-02-03 22:33:38.746021
2025-12-31,PPT --> LAX,"Refundable Partner Business
+ $66
220k miles",2025-02-03 22:47:18.086917
2025-12-31,PPT --> LAX,"Refundable Partner Business
+ $66
220k miles",2025-02-03 23:16:37.185498
2025-12-31,PPT --> LAX,"Refundable Partner Business
+ $66
220k miles",2025-02-03 23:29:44.036011
2025-12-31,PPT --> LAX,"Refundable Partner Business
+ $66
220k miles",2025-02-03 23:47:08.542747
2026-01-02,PPT --> LAX,"Refundable Partner Business
+ $65
220k miles
only 4 left",2025-02-05 08:20:05.386573
2026-01-02,PPT --> LAX,"Refundable Partner Business
+ $65
220k miles
only 4 left",2025-02-05 08:48:36.067226
2026-01-02,PPT --> LAX,"Refundable Partner Business
+ $65
220k miles
only 4 left",2025-02-05 09:18:51.559730
2026-01-02,PPT --> LAX,"Refundable Partner Business
+ $65
220k miles
only 4 left",2025-02-05 09:35:33.132684
2026-01-02,PPT --> LAX,"Refundable Partner Business
+ $65
220k miles
only 4 left",2025-02-05 09:48:52.311634
2026-01-02,PPT --> LAX,"Refundable Partner Business
+ $65
220k miles
only 4 left",2025-02-05 10:18:12.199769
2026-01-02,PPT --> LAX,"Refundable Partner Business
+ $65
220k miles
only 4 left",2025-02-05 10:39:02.271971
2026-01-02,PPT --> LAX,"Refundable Partner Business
+ $65
220k miles
only 4 left",2025-02-05 10:51:31.686686
2026-01-02,PPT --> LAX,"Refundable Partner Business
+ $65
220k miles
only 4 left",2025-02-05 11:14:41.939123
2026-01-02,PPT --> LAX,"Refundable Partner Business
+ $65
220k miles
only 4 left",2025-02-05 11:28:48.915546
2026-01-02,PPT --> LAX,"Refundable Partner Business
+ $65
220k miles
only 4 left",2025-02-05 11:47:20.115370
2026-01-02,PPT --> LAX,"Refundable Partner Business
+ $65
220k miles
only 4 left",2025-02-05 12:34:08.413907
2026-01-02,PPT --> LAX,"Refundable Partner Business
+ $65
220k miles
only 4 left",2025-02-05 13:03:00.071366
2026-01-02,PPT --> LAX,"Refundable Partner Business
+ $65
220k miles
only 4 left",2025-02-05 13:34:25.865942
2026-01-02,PPT --> LAX,"Refundable Partner Business
+ $65
220k miles
only 4 left",2025-02-05 13:47:30.546229
2026-01-02,PPT --> LAX,"Refundable Partner Business
+ $65
220k miles
only 4 left",2025-02-05 14:16:22.478525
2026-01-02,PPT --> LAX,"Refundable Partner Business
+ $65
220k miles
only 4 left",2025-02-05 14:33:18.656338
2026-01-02,PPT --> LAX,"Refundable Partner Business
+ $65
220k miles
only 4 left",2025-02-05 14:47:24.622567
2026-01-02,PPT --> LAX,"Refundable Partner Business
+ $65
220k miles
only 4 left",2025-02-05 15:18:22.370305
2026-01-02,PPT --> LAX,"Refundable Partner Business
+ $65
220k miles
only 4 left",2025-02-05 15:36:03.655687
2026-01-02,PPT --> LAX,"Refundable Partner Business
+ $65
220k miles
only 4 left",2025-02-05 15:49:23.807866
2026-01-02,PPT --> LAX,"Refundable Partner Business
+ $65
220k miles
only 4 left",2025-02-05 16:21:28.580295
2026-01-02,PPT --> LAX,"Refundable Partner Business
+ $65
220k miles
only 4 left",2025-02-05 16:51:03.538651
2026-01-02,PPT --> LAX,"Refundable Partner Business
+ $65
220k miles
only 4 left",2025-02-05 17:15:21.125048
2026-01-02,PPT --> LAX,"Refundable Partner Business
+ $65
220k miles
only 4 left",2025-02-05 17:32:08.463076
2026-01-02,PPT --> LAX,"Refundable Partner Business
+ $65
220k miles
only 4 left",2025-02-05 17:47:14.763467
2026-01-02,PPT --> LAX,"Refundable Partner Business
+ $65
220k miles
only 4 left",2025-02-05 18:23:02.072595
2026-01-02,PPT --> LAX,"Refundable Partner Business
+ $65
220k miles
only 4 left",2025-02-05 18:49:10.156991
2026-01-02,PPT --> LAX,"Refundable Partner Business
+ $65
220k miles
only 4 left",2025-02-05 19:15:41.005061
2026-01-02,PPT --> LAX,"Refundable Partner Business
+ $65
220k miles
only 4 left",2025-02-05 19:28:29.761731
2026-01-02,PPT --> LAX,"Refundable Partner Business
+ $65
220k miles
only 4 left",2025-02-05 19:47:11.543567
2026-01-02,PPT --> LAX,"Refundable Partner Business
+ $65
220k miles
only 4 left",2025-02-05 20:18:58.286546
2026-01-02,PPT --> LAX,"Refundable Partner Business
+ $65
220k miles
only 4 left",2025-02-05 20:36:32.558315
2026-01-02,PPT --> LAX,"Refundable Partner Business
+ $65
220k miles
only 4 left",2025-02-05 20:49:25.701004
2026-01-02,PPT --> LAX,"Refundable Partner Business
+ $65
220k miles
only 4 left",2025-02-05 21:16:24.662924
2026-01-02,PPT --> LAX,"Refundable Partner Business
+ $65
220k miles
only 4 left",2025-02-05 21:31:38.111160
2026-01-02,PPT --> LAX,"Refundable Partner Business
+ $65
220k miles
only 4 left",2025-02-05 21:47:08.151486
2026-01-02,PPT --> LAX,"Refundable Partner Business
+ $65
220k miles
only 4 left",2025-02-05 22:17:13.756969
2026-01-02,PPT --> LAX,"Refundable Partner Business
+ $65
220k miles
only 4 left",2025-02-05 22:37:41.423939
2026-01-02,PPT --> LAX,"Refundable Partner Business
+ $65
220k miles
only 4 left",2025-02-05 22:51:05.002457
2026-01-02,PPT --> LAX,"Refundable Partner Business
+ $65
220k miles
only 4 left",2025-02-05 23:16:29.758978
2026-01-02,PPT --> LAX,"Refundable Partner Business
+ $65
220k miles
only 4 left",2025-02-05 23:48:15.494226
2026-01-03,PPT --> LAX,"Refundable Partner Business
+ $66
220k miles
only 4 left",2025-02-06 08:21:52.957900
2026-01-03,PPT --> LAX,"Refundable Partner Business
+ $66
220k miles
only 4 left",2025-02-06 08:49:07.281464
2026-01-03,PPT --> LAX,"Refundable Partner Business
+ $66
220k miles
only 4 left",2025-02-06 09:18:01.712778
2026-01-03,PPT --> LAX,"Refundable Partner Business
+ $66
220k miles
only 4 left",2025-02-06 09:33:41.455665
2026-01-03,PPT --> LAX,"Refundable Partner Business
+ $66
220k miles
only 4 left",2025-02-06 09:48:12.880530
2026-01-03,PPT --> LAX,"Refundable Partner Business
+ $66
220k miles
only 4 left",2025-02-06 10:38:56.094750
2026-01-03,PPT --> LAX,"Refundable Partner Business
+ $66
220k miles
only 4 left",2025-02-06 10:52:21.183292
2026-01-03,PPT --> LAX,"Refundable Partner Business
+ $66
220k miles
only 4 left",2025-02-06 11:14:28.718206
2026-01-03,PPT --> LAX,"Refundable Partner Business
+ $66
220k miles
only 4 left",2025-02-06 11:28:30.246700
2026-01-03,PPT --> LAX,"Refundable Partner Business
+ $66
220k miles
only 4 left",2025-02-06 11:47:18.610395
2026-01-03,PPT --> LAX,"Refundable Partner Business
+ $66
220k miles
only 4 left",2025-02-06 12:34:09.241211
2026-01-03,PPT --> LAX,"Refundable Partner Business
+ $66
220k miles
only 4 left",2025-02-06 13:03:36.300026
2026-01-03,PPT --> LAX,"Refundable Partner Business
+ $66
220k miles
only 4 left",2025-02-06 13:35:10.403962
2026-01-03,PPT --> LAX,"Refundable Partner Business
+ $66
220k miles
only 4 left",2025-02-06 13:48:20.126540
2026-01-03,PPT --> LAX,"Refundable Partner Business
+ $66
220k miles
only 4 left",2025-02-06 14:16:01.772374
2026-01-03,PPT --> LAX,"Refundable Partner Business
+ $66
220k miles
only 4 left",2025-02-06 14:33:55.607178
2026-01-03,PPT --> LAX,"Refundable Partner Business
+ $66
220k miles
only 4 left",2025-02-06 14:47:06.477952
2026-01-03,PPT --> LAX,"Refundable Partner Business
+ $66
220k miles
only 4 left",2025-02-06 15:18:20.542965
2026-01-03,PPT --> LAX,"Refundable Partner Business
+ $66
220k miles
only 4 left",2025-02-06 15:35:52.396404
2026-01-03,PPT --> LAX,"Refundable Partner Business
+ $66
220k miles
only 4 left",2025-02-06 15:50:14.985157
2026-01-03,PPT --> LAX,"Refundable Partner Business
+ $66
220k miles
only 4 left",2025-02-06 16:19:57.311165
2026-01-03,PPT --> LAX,"Refundable Partner Business
+ $66
220k miles
only 4 left",2025-02-06 16:41:42.504751
2026-01-03,PPT --> LAX,"Refundable Partner Business
+ $66
220k miles
only 4 left",2025-02-06 17:14:53.616584
2026-01-03,PPT --> LAX,"Refundable Partner Business
+ $66
220k miles
only 4 left",2025-02-06 17:32:30.250050
2026-01-03,PPT --> LAX,"Refundable Partner Business
+ $66
220k miles
only 4 left",2025-02-06 17:47:10.298042
2026-01-03,PPT --> LAX,"Refundable Partner Business
+ $66
220k miles
only 4 left",2025-02-06 18:23:16.475402
2026-01-03,PPT --> LAX,"Refundable Partner Business
+ $66
220k miles
only 4 left",2025-02-06 18:49:27.663176
2026-01-03,PPT --> LAX,"Refundable Partner Business
+ $66
220k miles
only 4 left",2025-02-06 19:14:25.421482
2026-01-03,PPT --> LAX,"Refundable Partner Business
+ $66
220k miles
only 4 left",2025-02-06 19:28:01.269220
2026-01-03,PPT --> LAX,"Refundable Partner Business
+ $66
220k miles
only 4 left",2025-02-06 19:46:54.971921
2026-01-03,PPT --> LAX,"Refundable Partner Business
+ $66
220k miles
only 4 left",2025-02-06 20:18:16.787237
2026-01-03,PPT --> LAX,"Refundable Partner Business
+ $66
220k miles
only 4 left",2025-02-06 20:34:18.354537
2026-01-03,PPT --> LAX,"Refundable Partner Business
+ $66
220k miles
only 4 left",2025-02-06 20:47:32.213827
2026-01-03,PPT --> LAX,"Refundable Partner Business
+ $66
220k miles
only 4 left",2025-02-06 21:16:09.222991
2026-01-03,PPT --> LAX,"Refundable Partner Business
+ $66
220k miles
only 4 left",2025-02-06 21:30:18.292114
2026-01-03,PPT --> LAX,"Refundable Partner Business
+ $66
220k miles
only 4 left",2025-02-06 21:47:15.737631
2026-01-03,PPT --> LAX,"Refundable Partner Business
+ $66
220k miles
only 4 left",2025-02-06 22:17:02.398834
2026-01-03,PPT --> LAX,"Refundable Partner Business
+ $66
220k miles
only 4 left",2025-02-06 22:35:52.344015
2026-01-03,PPT --> LAX,"Refundable Partner Business
+ $66
220k miles
only 4 left",2025-02-06 22:48:45.640495
2026-01-03,PPT --> LAX,"Refundable Partner Business
+ $66
220k miles
only 4 left",2025-02-06 23:18:34.104547
2026-01-03,PPT --> LAX,"Refundable Partner Business
+ $66
220k miles
only 4 left",2025-02-06 23:32:19.068673
2026-01-03,PPT --> LAX,"Refundable Partner Business
+ $66
220k miles
only 4 left",2025-02-06 23:47:35.543943
2026-01-04,PPT --> LAX,"Refundable Partner Business
+ $71
85k miles
A guest will be in different cabins for different segments of the trip.
Mixed itinerary:
PPT to SEA–Business
SEA to LAX–Main",2025-02-07 08:21:35.509321
2026-01-04,PPT --> LAX,"Refundable Partner Business
+ $71
85k miles
A guest will be in different cabins for different segments of the trip.
Mixed itinerary:
PPT to SEA–Business
SEA to LAX–Main",2025-02-07 08:47:45.931038
2026-01-04,PPT --> LAX,"Refundable Partner Business
+ $71
85k miles
A guest will be in different cabins for different segments of the trip.
Mixed itinerary:
PPT to SEA–Business
SEA to LAX–Main",2025-02-07 09:17:55.910041
2026-01-04,PPT --> LAX,"Refundable Partner Business
+ $71
85k miles
A guest will be in different cabins for different segments of the trip.
Mixed itinerary:
PPT to SEA–Business
SEA to LAX–Main",2025-02-07 09:33:13.247521
2026-01-04,PPT --> LAX,"Refundable Partner Business
+ $71
85k miles
A guest will be in different cabins for different segments of the trip.
Mixed itinerary:
PPT to SEA–Business
SEA to LAX–Main",2025-02-07 09:47:51.270295
2026-01-04,PPT --> LAX,"Refundable Partner Business
+ $71
85k miles
A guest will be in different cabins for different segments of the trip.
Mixed itinerary:
PPT to SEA–Business
SEA to LAX–Main",2025-02-07 10:18:31.326839
2026-01-04,PPT --> LAX,"Refundable Partner Business
+ $71
85k miles
A guest will be in different cabins for different segments of the trip.
Mixed itinerary:
PPT to SEA–Business
SEA to LAX–Main",2025-02-07 10:39:03.285293
2026-01-04,PPT --> LAX,"Refundable Partner Business
+ $71
85k miles
A guest will be in different cabins for different segments of the trip.
Mixed itinerary:
PPT to SEA–Business
SEA to LAX–Main",2025-02-07 11:14:09.193893
2026-01-05,PPT --> LAX,"Refundable Partner Business
+ $66
220k miles
only 2 left",2025-02-08 08:20:23.599812
2026-01-05,PPT --> LAX,"Refundable Partner Business
+ $66
220k miles
only 2 left",2025-02-08 08:47:16.702711
2026-01-05,PPT --> LAX,"Refundable Partner Business
+ $66
220k miles
only 2 left",2025-02-08 09:15:58.578260
2026-01-05,PPT --> LAX,"Refundable Partner Business
+ $66
220k miles
only 2 left",2025-02-08 09:30:18.783958
2026-01-05,PPT --> LAX,"Refundable Partner Business
+ $66
220k miles
only 2 left",2025-02-08 09:47:20.837071
2026-01-05,PPT --> LAX,"Refundable Partner Business
+ $66
220k miles
only 2 left",2025-02-08 10:16:05.867512
2026-01-05,PPT --> LAX,"Refundable Partner Business
+ $66
220k miles
only 2 left",2025-02-08 10:35:07.632359
2026-01-05,PPT --> LAX,"Refundable Partner Business
+ $66
220k miles
only 2 left",2025-02-08 10:48:56.495107
2026-01-05,PPT --> LAX,"Refundable Partner Business
+ $66
220k miles
only 2 left",2025-02-08 11:12:52.035666
2026-01-05,PPT --> LAX,"Refundable Partner Business
+ $66
220k miles
only 2 left",2025-02-08 11:27:54.241180
2026-01-05,PPT --> LAX,"Refundable Partner Business
+ $66
220k miles
only 2 left",2025-02-08 11:46:55.602560
2026-01-05,PPT --> LAX,"Refundable Partner Business
+ $66
220k miles
only 2 left",2025-02-08 12:30:53.069340
2026-01-05,PPT --> LAX,"Refundable Partner Business
+ $66
220k miles
only 2 left",2025-02-08 12:59:08.567257
2026-01-05,PPT --> LAX,"Refundable Partner Business
+ $66
220k miles
only 2 left",2025-02-08 13:25:22.282295
2026-01-05,PPT --> LAX,"Refundable Partner Business
+ $66
220k miles
only 2 left",2025-02-08 13:47:16.143293
2026-01-05,PPT --> LAX,"Refundable Partner Business
+ $66
220k miles
only 2 left",2025-02-08 14:14:36.592588
2026-01-05,PPT --> LAX,"Refundable Partner Business
+ $66
220k miles
only 2 left",2025-02-08 14:31:33.589696
2026-01-05,PPT --> LAX,"Refundable Partner Business
+ $66
220k miles
only 2 left",2025-02-08 14:46:59.618407
2026-01-05,PPT --> LAX,"Refundable Partner Business
+ $66
220k miles
only 2 left",2025-02-08 15:15:56.867769
2026-01-05,PPT --> LAX,"Refundable Partner Business
+ $66
220k miles
only 2 left",2025-02-08 15:29:32.949008
2026-01-05,PPT --> LAX,"Refundable Partner Business
+ $66
220k miles
only 2 left",2025-02-08 15:47:23.456046
2026-01-05,PPT --> LAX,"Refundable Partner Business
+ $66
220k miles
only 2 left",2025-02-08 16:18:34.417881
2026-01-05,PPT --> LAX,"Refundable Partner Business
+ $66
220k miles
only 2 left",2025-02-08 16:37:05.119648
2026-01-05,PPT --> LAX,"Refundable Partner Business
+ $66
220k miles
only 2 left",2025-02-08 16:50:13.366120
2026-01-05,PPT --> LAX,"Refundable Partner Business
+ $66
220k miles
only 2 left",2025-02-08 17:13:30.885384
2026-01-05,PPT --> LAX,"Refundable Partner Business
+ $66
220k miles
only 2 left",2025-02-08 17:29:39.417828
2026-01-05,PPT --> LAX,"Refundable Partner Business
+ $66
220k miles
only 2 left",2025-02-08 17:47:21.323513
2026-01-05,PPT --> LAX,"Refundable Partner Business
+ $66
220k miles
only 2 left",2025-02-08 18:21:30.485368
2026-01-05,PPT --> LAX,"Refundable Partner Business
+ $66
220k miles
only 2 left",2025-02-08 18:47:14.088170
2026-01-05,PPT --> LAX,"Refundable Partner Business
+ $66
220k miles
only 2 left",2025-02-08 19:14:10.043524
2026-01-05,PPT --> LAX,"Refundable Partner Business
+ $66
220k miles
only 2 left",2025-02-08 19:28:21.220051
2026-01-05,PPT --> LAX,"Refundable Partner Business
+ $66
220k miles
only 2 left",2025-02-08 19:46:49.667332
2026-01-05,PPT --> LAX,"Refundable Partner Business
+ $66
220k miles
only 2 left",2025-02-08 20:17:21.911408
2026-01-05,PPT --> LAX,"Refundable Partner Business
+ $66
220k miles
only 2 left",2025-02-08 20:30:42.188837
2026-01-05,PPT --> LAX,"Refundable Partner Business
+ $66
220k miles
only 2 left",2025-02-08 20:47:27.159058
2026-01-05,PPT --> LAX,"Refundable Partner Business
+ $66
220k miles
only 2 left",2025-02-08 21:14:41.412093
2026-01-05,PPT --> LAX,"Refundable Partner Business
+ $66
220k miles
only 2 left",2025-02-08 21:28:23.350271
2026-01-05,PPT --> LAX,"Refundable Partner Business
+ $66
220k miles
only 2 left",2025-02-08 21:47:09.376852
2026-01-05,PPT --> LAX,"Refundable Partner Business
+ $66
220k miles
only 2 left",2025-02-08 22:14:41.820988
2026-01-05,PPT --> LAX,"Refundable Partner Business
+ $66
220k miles
only 2 left",2025-02-08 22:31:30.765000
2026-01-05,PPT --> LAX,"Refundable Partner Business
+ $66
220k miles
only 2 left",2025-02-08 22:47:21.531837
2026-01-05,PPT --> LAX,"Refundable Partner Business
+ $66
220k miles
only 2 left",2025-02-08 23:17:07.177189
2026-01-05,PPT --> LAX,"Refundable Partner Business
+ $66
220k miles
only 2 left",2025-02-08 23:31:21.133049
2026-01-05,PPT --> LAX,"Refundable Partner Business
+ $66
220k miles
only 2 left",2025-02-08 23:47:13.285610
2026-01-07,PPT --> LAX,"Refundable Partner Business
+ $66
220k miles",2025-02-10 08:22:32.635753
2026-01-07,PPT --> LAX,"Refundable Partner Business
+ $66
220k miles",2025-02-10 08:49:29.139207
2026-01-07,PPT --> LAX,"Refundable Partner Business
+ $66
220k miles",2025-02-10 09:19:10.333026
2026-01-07,PPT --> LAX,"Refundable Partner Business
+ $66
220k miles",2025-02-10 09:36:04.565020
2026-01-07,PPT --> LAX,"Refundable Partner Business
+ $66
220k miles",2025-02-10 09:49:40.889179
2026-01-07,PPT --> LAX,"Refundable Partner Business
+ $66
220k miles",2025-02-10 10:19:18.378242
2026-01-07,PPT --> LAX,"Refundable Partner Business
+ $66
220k miles",2025-02-10 10:40:23.095362
2026-01-07,PPT --> LAX,"Refundable Partner Business
+ $66
220k miles",2025-02-10 11:14:50.283497
2026-01-07,PPT --> LAX,"Refundable Partner Business
+ $66
220k miles",2025-02-10 11:28:31.887538
2026-01-07,PPT --> LAX,"Refundable Partner Business
+ $66
220k miles",2025-02-10 11:47:15.726357
2026-01-07,PPT --> LAX,"Refundable Partner Business
+ $66
220k miles",2025-02-10 12:33:58.428913
2026-01-07,PPT --> LAX,"Refundable Partner Business
+ $66
220k miles",2025-02-10 13:03:17.157631
2026-01-07,PPT --> LAX,"Refundable Partner Business
+ $66
220k miles",2025-02-10 13:35:50.155674
2026-01-07,PPT --> LAX,"Refundable Partner Business
+ $66
220k miles",2025-02-10 13:49:25.640984
2026-01-07,PPT --> LAX,"Refundable Partner Business
+ $66
220k miles",2025-02-10 14:17:16.478255
2026-01-07,PPT --> LAX,"Refundable Partner Business
+ $66
220k miles",2025-02-10 14:36:05.231830
2026-01-07,PPT --> LAX,"Refundable Partner Business
+ $66
220k miles",2025-02-10 14:49:34.290274
2026-01-07,PPT --> LAX,"Refundable Partner Business
+ $66
220k miles",2025-02-10 15:18:39.752844
2026-01-07,PPT --> LAX,"Refundable Partner Business
+ $66
220k miles",2025-02-10 15:36:34.414588
2026-01-07,PPT --> LAX,"Refundable Partner Business
+ $66
220k miles",2025-02-10 15:49:48.400099
2026-01-07,PPT --> LAX,"Refundable Partner Business
+ $66
220k miles",2025-02-10 16:21:48.403278
2026-01-07,PPT --> LAX,"Refundable Partner Business
+ $66
220k miles",2025-02-10 16:48:23.571880
2026-01-07,PPT --> LAX,"Refundable Partner Business
+ $66
220k miles",2025-02-10 17:13:56.098872
2026-01-07,PPT --> LAX,"Refundable Partner Business
+ $66
220k miles",2025-02-10 17:32:18.559530
2026-01-07,PPT --> LAX,"Refundable Partner Business
+ $66
220k miles",2025-02-10 17:47:34.678473
2026-01-07,PPT --> LAX,"Refundable Partner Business
+ $66
220k miles",2025-02-10 18:24:08.503576
2026-01-07,PPT --> LAX,"Refundable Partner Business
+ $66
220k miles",2025-02-10 18:47:29.232872
2026-01-07,PPT --> LAX,"Refundable Partner Business
+ $66
220k miles",2025-02-10 19:13:49.010331
2026-01-07,PPT --> LAX,"Refundable Partner Business
+ $66
220k miles",2025-02-10 19:28:19.847054
2026-01-07,PPT --> LAX,"Refundable Partner Business
+ $66
220k miles",2025-02-10 19:47:29.666439
2026-01-07,PPT --> LAX,"Refundable Partner Business
+ $66
220k miles",2025-02-10 20:18:14.311759
2026-01-07,PPT --> LAX,"Refundable Partner Business
+ $66
220k miles",2025-02-10 20:34:57.996473
2026-01-07,PPT --> LAX,"Refundable Partner Business
+ $66
220k miles",2025-02-10 20:47:51.506888
2026-01-07,PPT --> LAX,"Refundable Partner Business
+ $66
220k miles",2025-02-10 21:16:51.833794
2026-01-07,PPT --> LAX,"Refundable Partner Business
+ $66
220k miles",2025-02-10 21:30:27.696784
2026-01-07,PPT --> LAX,"Refundable Partner Business
+ $66
220k miles",2025-02-10 21:47:03.006722
2026-01-07,PPT --> LAX,"Refundable Partner Business
+ $66
220k miles",2025-02-10 22:16:17.322797
2026-01-07,PPT --> LAX,"Refundable Partner Business
+ $66
220k miles",2025-02-10 22:32:56.164812
2026-01-07,PPT --> LAX,"Refundable Partner Business
+ $66
220k miles",2025-02-10 22:47:17.959090
2026-01-07,PPT --> LAX,"Refundable Partner Business
+ $66
220k miles",2025-02-10 23:17:22.648974
2026-01-07,PPT --> LAX,"Refundable Partner Business
+ $66
220k miles",2025-02-10 23:32:22.641632
2026-01-07,PPT --> LAX,"Refundable Partner Business
+ $66
220k miles",2025-02-10 23:47:08.346362
2026-01-09,PPT --> LAX,"Refundable Partner Business
+ $65
60k miles
only 2 left",2025-02-12 08:22:13.495769
2026-01-09,PPT --> LAX,"Refundable Partner Business
+ $65
60k miles
only 2 left",2025-02-12 08:49:08.977887
2026-01-09,PPT --> LAX,"Refundable Main
+ $65
30k miles",2025-02-12 09:18:25.188155
2026-01-09,PPT --> LAX,"Refundable Partner Business
+ $65
60k miles
only 2 left",2025-02-12 09:34:29.178517
2026-01-09,PPT --> LAX,"Refundable Partner Business
+ $65
60k miles
only 2 left",2025-02-12 09:47:44.496670
2026-01-09,PPT --> LAX,"Refundable Main
+ $65
30k miles",2025-02-12 10:18:14.335300
2026-01-09,PPT --> LAX,"Refundable Partner Business
+ $65
60k miles
only 2 left",2025-02-12 10:38:56.947863
2026-01-09,PPT --> LAX,"Refundable Main
+ $65
30k miles",2025-02-12 10:52:12.420399
2026-01-09,PPT --> LAX,"Refundable Partner Business
+ $65
60k miles
only 2 left",2025-02-12 11:15:43.890300
2026-01-09,PPT --> LAX,"Refundable Partner Business
+ $65
60k miles
only 2 left",2025-02-12 11:28:09.702417
2026-01-09,PPT --> LAX,"Refundable Partner Business
+ $65
60k miles
only 2 left",2025-02-12 11:47:35.131306
2026-01-09,PPT --> LAX,"Refundable Partner Business
+ $65
60k miles
only 2 left",2025-02-12 12:34:07.183818
2026-01-09,PPT --> LAX,"Refundable Partner Business
+ $65
60k miles
only 2 left",2025-02-12 13:03:23.762019
2026-01-09,PPT --> LAX,"Refundable Partner Business
+ $65
220k miles
only 4 left",2025-02-12 13:35:05.454690
2026-01-09,PPT --> LAX,"Refundable Partner Business
+ $65
220k miles
only 4 left",2025-02-12 13:48:56.829354
2026-01-09,PPT --> LAX,"Refundable Partner Business
+ $65
220k miles
only 4 left",2025-02-12 14:17:04.347917
2026-01-09,PPT --> LAX,"Refundable Partner Business
+ $65
220k miles
only 4 left",2025-02-12 14:37:17.885982
2026-01-09,PPT --> LAX,"Refundable Partner Business
+ $65
220k miles
only 4 left",2025-02-12 14:50:34.927220
2026-01-09,PPT --> LAX,"Refundable Partner Business
+ $65
220k miles
only 4 left",2025-02-12 15:19:16.583884
2026-01-09,PPT --> LAX,"Refundable Partner Business
+ $65
220k miles
only 4 left",2025-02-12 15:37:31.835531
2026-01-09,PPT --> LAX,"Refundable Partner Business
+ $65
220k miles
only 4 left",2025-02-12 15:50:47.731934
2026-01-09,PPT --> LAX,"Refundable Partner Business
+ $65
220k miles
only 4 left",2025-02-12 16:23:17.001781
2026-01-09,PPT --> LAX,"Refundable Partner Business
+ $65
220k miles
only 4 left",2025-02-12 16:49:50.946459
2026-01-09,PPT --> LAX,"Refundable Partner Business
+ $65
220k miles
only 4 left",2025-02-12 17:15:46.904673
2026-01-09,PPT --> LAX,"Refundable Main
+ $65
30k miles",2025-02-12 17:33:28.109815
2026-01-09,PPT --> LAX,"Refundable Main
+ $65
30k miles",2025-02-12 17:47:13.503248
2026-01-09,PPT --> LAX,"Refundable Partner Business
+ $65
220k miles
only 4 left",2025-02-12 18:24:11.186539
2026-01-09,PPT --> LAX,"Refundable Partner Business
+ $65
220k miles
only 4 left",2025-02-12 18:49:32.139254
2026-01-09,PPT --> LAX,"Refundable Partner Business
+ $65
220k miles
only 4 left",2025-02-12 19:15:59.991723
2026-01-09,PPT --> LAX,"Refundable Partner Business
+ $65
220k miles
only 4 left",2025-02-12 19:28:24.311979
2026-01-09,PPT --> LAX,"Refundable Main
+ $65
30k miles",2025-02-12 19:47:22.141911
2026-01-09,PPT --> LAX,"Refundable Partner Business
+ $65
220k miles
only 4 left",2025-02-12 20:18:33.156352
2026-01-09,PPT --> LAX,"Refundable Main
+ $65
30k miles",2025-02-12 20:35:15.886326
2026-01-09,PPT --> LAX,"Refundable Main
+ $65
30k miles",2025-02-12 20:48:22.859684
2026-01-09,PPT --> LAX,"Refundable Main
+ $65
30k miles",2025-02-12 21:16:06.971287
2026-01-09,PPT --> LAX,"Refundable Main
+ $65
30k miles",2025-02-12 21:30:15.287138
2026-01-09,PPT --> LAX,"Refundable Partner Business
+ $65
220k miles
only 4 left",2025-02-12 21:46:46.473811
2026-01-09,PPT --> LAX,"Refundable Partner Business
+ $65
220k miles
only 4 left",2025-02-12 22:16:21.563203
2026-01-09,PPT --> LAX,"Refundable Partner Business
+ $65
220k miles
only 4 left",2025-02-12 22:34:35.161142
2026-01-09,PPT --> LAX,"Refundable Partner Business
+ $65
220k miles
only 4 left",2025-02-12 22:47:56.285594
2026-01-09,PPT --> LAX,"Refundable Partner Business
+ $65
220k miles
only 4 left",2025-02-12 23:16:10.249275
2026-01-09,PPT --> LAX,"Refundable Partner Business
+ $65
220k miles
only 4 left",2025-02-12 23:30:29.775398
2026-01-09,PPT --> LAX,"Refundable Main
+ $65
30k miles",2025-02-12 23:47:29.762828
2026-01-10,PPT --> LAX,"Refundable Main
+ $66
30k miles
only 2 left",2025-02-13 08:22:10.798678
2026-01-10,PPT --> LAX,"Refundable Main
+ $66
30k miles
only 2 left",2025-02-13 08:49:08.011438
2026-01-10,PPT --> LAX,"Refundable Main
+ $66
30k miles
only 2 left",2025-02-13 09:18:56.074648
2026-01-10,PPT --> LAX,"Refundable Main
+ $66
30k miles
only 2 left",2025-02-13 09:34:47.880223
2026-01-10,PPT --> LAX,"Refundable Partner Business
+ $66
220k miles",2025-02-13 09:48:38.417421
2026-01-10,PPT --> LAX,"Refundable Partner Business
+ $66
220k miles",2025-02-13 10:18:53.956865
2026-01-10,PPT --> LAX,"Refundable Main
+ $66
30k miles
only 2 left",2025-02-13 10:39:29.316738
2026-01-10,PPT --> LAX,"Refundable Partner Business
+ $66
220k miles",2025-02-13 11:14:28.270192
2026-01-10,PPT --> LAX,"Refundable Main
+ $66
30k miles
only 2 left",2025-02-13 11:28:14.927575
2026-01-10,PPT --> LAX,"Refundable Main
+ $66
30k miles
only 2 left",2025-02-13 11:47:29.096522
2026-01-10,PPT --> LAX,"Refundable Partner Business
+ $66
220k miles",2025-02-13 12:33:55.079328
2026-01-10,PPT --> LAX,"Refundable Partner Business
+ $66
220k miles",2025-02-13 13:03:35.956924
2026-01-10,PPT --> LAX,"Refundable Main
+ $66
30k miles
only 2 left",2025-02-13 13:35:34.871129
2026-01-10,PPT --> LAX,"Refundable Main
+ $66
30k miles
only 2 left",2025-02-13 13:48:21.619744
2026-01-10,PPT --> LAX,"Refundable Main
+ $66
30k miles
only 2 left",2025-02-13 14:16:23.920054
2026-01-10,PPT --> LAX,"Refundable Partner Business
+ $66
220k miles",2025-02-13 14:37:00.002326
2026-01-10,PPT --> LAX,"Refundable Main
+ $66
30k miles
only 2 left",2025-02-13 15:19:27.317236
2026-01-10,PPT --> LAX,"Refundable Main
+ $66
30k miles
only 2 left",2025-02-13 15:34:43.422031
2026-01-10,PPT --> LAX,"Refundable Partner Business
+ $66
220k miles",2025-02-13 15:48:26.720857
2026-01-10,PPT --> LAX,"Refundable Main
+ $66
30k miles
only 2 left",2025-02-13 16:22:29.808119
2026-01-10,PPT --> LAX,"Refundable Partner Business
+ $66
220k miles",2025-02-13 16:50:44.261906
2026-01-10,PPT --> LAX,"Refundable Main
+ $66
30k miles
only 2 left",2025-02-13 17:13:19.950084
2026-01-10,PPT --> LAX,"Refundable Partner Business
+ $66
220k miles",2025-02-13 17:31:16.590393
2026-01-10,PPT --> LAX,"Refundable Main
+ $66
30k miles
only 2 left",2025-02-13 17:47:17.766587
2026-01-10,PPT --> LAX,"Refundable Partner Business
+ $66
220k miles",2025-02-13 18:24:05.061058
2026-01-10,PPT --> LAX,"Refundable Partner Business
+ $66
220k miles",2025-02-13 18:49:50.807345
2026-01-10,PPT --> LAX,"Refundable Partner Business
+ $66
220k miles
only 4 left",2025-02-13 19:13:44.696096
2026-01-10,PPT --> LAX,"Refundable Main
+ $66
30k miles
only 2 left",2025-02-13 19:28:55.432239
2026-01-10,PPT --> LAX,"Refundable Main
+ $66
30k miles
only 2 left",2025-02-13 19:47:38.992665
2026-01-10,PPT --> LAX,"Refundable Main
+ $66
30k miles
only 2 left",2025-02-13 20:18:40.444587
2026-01-10,PPT --> LAX,"Refundable Partner Business
+ $66
220k miles
only 4 left",2025-02-13 20:34:29.779988
2026-01-10,PPT --> LAX,"Refundable Partner Business
+ $66
220k miles
only 4 left",2025-02-13 20:48:02.581637
2026-01-10,PPT --> LAX,"Refundable Partner Business
+ $66
220k miles
only 4 left",2025-02-13 21:16:16.417834
2026-01-10,LAX --> PPT,"Refundable Partner Business
+ $19
220k miles
only 4 left",2025-02-13 21:16:21.393310
2026-01-10,PPT --> LAX,"Refundable Partner Business
+ $66
220k miles
only 4 left",2025-02-13 21:29:23.622620
2026-01-10,PPT --> LAX,"Refundable Partner Business
+ $66
220k miles
only 4 left",2025-02-13 21:47:11.027626
2026-01-10,PPT --> LAX,"Refundable Partner Business
+ $66
220k miles
only 4 left",2025-02-13 22:15:48.589084
2026-01-10,PPT --> LAX,"Refundable Main
+ $66
30k miles
only 2 left",2025-02-13 22:34:32.591860
2026-01-10,PPT --> LAX,"Refundable Main
+ $66
30k miles
only 2 left",2025-02-13 22:47:34.649982
2026-01-10,PPT --> LAX,"Refundable Main
+ $66
30k miles
only 2 left",2025-02-13 23:17:09.254887
2026-01-10,PPT --> LAX,"Refundable Partner Business
+ $66
220k miles
only 4 left",2025-02-13 23:30:47.307381
2026-01-10,PPT --> LAX,"Refundable Partner Business
+ $66
220k miles
only 4 left",2025-02-13 23:47:54.836013
2026-01-11,PPT --> LAX,"Refundable Partner Business
+ $71
85k miles
A guest will be in different cabins for different segments of the trip.
Mixed itinerary:
PPT to SEA–Business
SEA to LAX–Main",2025-02-14 08:22:11.273971
2026-01-11,PPT --> LAX,"Refundable Partner Business
+ $71
85k miles
A guest will be in different cabins for different segments of the trip.
Mixed itinerary:
PPT to SEA–Business
SEA to LAX–Main",2025-02-14 08:48:06.922534
2026-01-11,PPT --> LAX,"Refundable Main
+ $71
42.5k miles
only 1 left",2025-02-14 09:18:03.068693
2026-01-11,PPT --> LAX,"Refundable Partner Business
+ $71
85k miles
A guest will be in different cabins for different segments of the trip.
Mixed itinerary:
PPT to SEA–Business
SEA to LAX–Main",2025-02-14 09:33:35.373468
2026-01-11,PPT --> LAX,"Refundable Main
+ $71
42.5k miles
only 1 left",2025-02-14 09:47:31.951210
2026-01-11,PPT --> LAX,"Refundable Partner Business
+ $71
85k miles
A guest will be in different cabins for different segments of the trip.
Mixed itinerary:
PPT to SEA–Business
SEA to LAX–Main",2025-02-14 10:18:26.231876
2026-01-11,PPT --> LAX,"Refundable Partner Business
+ $71
85k miles
A guest will be in different cabins for different segments of the trip.
Mixed itinerary:
PPT to SEA–Business
SEA to LAX–Main",2025-02-14 10:38:20.165907
2026-01-11,PPT --> LAX,"Refundable Main
+ $71
42.5k miles
only 1 left",2025-02-14 10:51:14.111563
2026-01-11,PPT --> LAX,"Refundable Main
+ $71
42.5k miles
only 1 left",2025-02-14 11:14:17.419863
2026-01-12,PPT --> LAX,"Refundable Partner Business
+ $66
220k miles
only 4 left",2025-02-15 08:19:41.024469
2026-01-12,PPT --> LAX,"Refundable Partner Business
+ $66
220k miles
only 4 left",2025-02-15 08:37:17.961166
2026-01-12,PPT --> LAX,"Refundable Main
+ $66
30k miles
only 2 left",2025-02-15 08:50:29.760279
2026-01-12,PPT --> LAX,"Refundable Main
+ $66
30k miles
only 2 left",2025-02-15 09:17:48.658625
2026-01-12,PPT --> LAX,"Refundable Partner Business
+ $66
220k miles
only 4 left",2025-02-15 09:32:23.426820
2026-01-12,PPT --> LAX,"Refundable Partner Business
+ $66
220k miles
only 4 left",2025-02-15 09:47:29.543053
2026-01-12,PPT --> LAX,"Refundable Partner Business
+ $66
220k miles
only 4 left",2025-02-15 10:16:08.539585
2026-01-12,PPT --> LAX,"Refundable Partner Business
+ $66
220k miles
only 4 left",2025-02-15 10:34:52.256444
2026-01-12,PPT --> LAX,"Refundable Partner Business
+ $66
220k miles
only 4 left",2025-02-15 10:48:42.390645
2026-01-12,PPT --> LAX,"Refundable Main
+ $66
30k miles
only 2 left",2025-02-15 11:12:41.728018
2026-01-12,PPT --> LAX,"Refundable Main
+ $66
30k miles
only 2 left",2025-02-15 11:28:28.651359
2026-01-12,PPT --> LAX,"Refundable Main
+ $66
30k miles
only 2 left",2025-02-15 11:47:13.654832
2026-01-12,PPT --> LAX,"Refundable Main
+ $66
30k miles
only 2 left",2025-02-15 12:30:41.204511
2026-01-12,PPT --> LAX,"Refundable Partner Business
+ $66
220k miles
only 4 left",2025-02-15 12:59:16.210201
2026-01-12,PPT --> LAX,"Refundable Partner Business
+ $66
220k miles
only 4 left",2025-02-15 13:24:22.227088
2026-01-12,PPT --> LAX,"Refundable Main
+ $66
30k miles
only 2 left",2025-02-15 13:47:08.712442
2026-01-12,PPT --> LAX,"Refundable Main
+ $66
30k miles
only 2 left",2025-02-15 14:13:37.970415
2026-01-12,PPT --> LAX,"Refundable Partner Business
+ $66
220k miles
only 4 left",2025-02-15 14:31:03.041116
2026-01-12,PPT --> LAX,"Refundable Partner Business
+ $66
220k miles
only 4 left",2025-02-15 14:47:12.479129
2026-01-12,PPT --> LAX,"Refundable Main
+ $66
30k miles
only 2 left",2025-02-15 15:16:18.555408
2026-01-12,PPT --> LAX,"Refundable Partner Business
+ $66
220k miles
only 4 left",2025-02-15 15:31:18.059756
2026-01-12,PPT --> LAX,"Refundable Partner Business
+ $66
220k miles
only 4 left",2025-02-15 15:47:03.679637
2026-01-12,PPT --> LAX,"Refundable Main
+ $66
30k miles
only 2 left",2025-02-15 16:19:05.466663
2026-01-12,PPT --> LAX,"Refundable Main
+ $66
30k miles
only 2 left",2025-02-15 16:39:59.786382
2026-01-12,PPT --> LAX,"Refundable Main
+ $66
30k miles
only 2 left",2025-02-15 17:14:52.146395
2026-01-12,PPT --> LAX,"Refundable Partner Business
+ $66
220k miles
only 4 left",2025-02-15 17:30:06.532656
2026-01-12,PPT --> LAX,"Refundable Main
+ $66
30k miles
only 2 left",2025-02-15 17:47:20.183517
2026-01-12,PPT --> LAX,"Refundable Main
+ $66
30k miles
only 2 left",2025-02-15 18:20:51.353864
2026-01-12,PPT --> LAX,"Refundable Partner Business
+ $66
220k miles
only 4 left",2025-02-15 18:47:26.857848
2026-01-12,PPT --> LAX,"Refundable Partner Business
+ $66
220k miles
only 4 left",2025-02-15 19:13:36.245624
2026-01-12,PPT --> LAX,"Refundable Partner Business
+ $66
220k miles
only 4 left",2025-02-15 19:28:19.586745
2026-01-12,PPT --> LAX,"Refundable Main
+ $66
30k miles
only 2 left",2025-02-15 19:47:09.367878
2026-01-12,PPT --> LAX,"Refundable Partner Business
+ $66
220k miles
only 4 left",2025-02-15 20:16:48.371289
2026-01-12,PPT --> LAX,"Refundable Main
+ $66
30k miles
only 2 left",2025-02-15 20:30:43.802776
2026-01-12,PPT --> LAX,"Refundable Main
+ $66
30k miles
only 2 left",2025-02-15 20:47:21.883962
2026-01-12,PPT --> LAX,"Refundable Partner Business
+ $66
220k miles
only 4 left",2025-02-15 21:15:33.399615
2026-01-12,PPT --> LAX,"Refundable Partner Business
+ $66
220k miles
only 4 left",2025-02-15 21:28:33.406391
2026-01-12,PPT --> LAX,"Refundable Main
+ $66
30k miles
only 2 left",2025-02-15 21:47:23.472406
2026-01-12,PPT --> LAX,"Refundable Main
+ $66
30k miles
only 2 left",2025-02-15 22:16:06.184759
2026-01-12,PPT --> LAX,"Refundable Partner Business
+ $66
220k miles
only 4 left",2025-02-15 22:34:35.797997
2026-01-12,PPT --> LAX,"Refundable Main
+ $66
30k miles
only 2 left",2025-02-15 22:47:51.661114
2026-01-12,PPT --> LAX,"Refundable Partner Business
+ $66
220k miles
only 4 left",2025-02-15 23:15:11.771256
2026-01-12,PPT --> LAX,"Refundable Main
+ $66
30k miles
only 2 left",2025-02-15 23:28:30.036170
2026-01-12,PPT --> LAX,"Refundable Partner Business
+ $66
220k miles
only 4 left",2025-02-15 23:47:41.141731
2026-01-14,PPT --> LAX,"Refundable Partner Business
+ $66
60k miles
only 4 left",2025-02-17 08:23:35.317558
2026-01-14,PPT --> LAX,"Refundable Partner Business
+ $66
60k miles
only 4 left",2025-02-17 08:49:53.422481
2026-01-14,PPT --> LAX,"Refundable Main
+ $66
30k miles
only 2 left",2025-02-17 09:19:59.701394
2026-01-14,PPT --> LAX,"Refundable Main
+ $66
30k miles
only 2 left",2025-02-17 09:37:28.454836
2026-01-14,PPT --> LAX,"Refundable Partner Business
+ $66
60k miles
only 4 left",2025-02-17 09:50:10.260508
2026-01-14,PPT --> LAX,"Refundable Main
+ $66
30k miles
only 2 left",2025-02-17 10:19:53.403748
2026-01-14,PPT --> LAX,"Refundable Main
+ $66
30k miles
only 2 left",2025-02-17 10:40:38.776774
2026-01-14,PPT --> LAX,"Refundable Partner Business
+ $66
60k miles
only 4 left",2025-02-17 11:15:11.418914
2026-01-14,PPT --> LAX,"Refundable Main
+ $66
30k miles
only 2 left",2025-02-17 11:28:41.173990
2026-01-14,PPT --> LAX,"Refundable Main
+ $66
30k miles
only 2 left",2025-02-17 11:47:23.157444
2026-01-14,PPT --> LAX,"Refundable Main
+ $66
30k miles
only 2 left",2025-02-17 12:35:36.116534
2026-01-14,PPT --> LAX,"Refundable Main
+ $66
30k miles
only 2 left",2025-02-17 13:05:13.983040
2026-01-14,PPT --> LAX,"Refundable Main
+ $66
30k miles
only 2 left",2025-02-17 13:36:43.650869
2026-01-14,PPT --> LAX,"Refundable Partner Business
+ $66
60k miles
only 4 left",2025-02-17 13:50:24.421783
2026-01-14,PPT --> LAX,"Refundable Main
+ $66
30k miles
only 2 left",2025-02-17 14:17:01.340081
2026-01-14,PPT --> LAX,"Refundable Partner Business
+ $66
60k miles
only 4 left",2025-02-17 14:37:40.823179
2026-01-14,PPT --> LAX,"Refundable Partner Business
+ $66
60k miles
only 4 left",2025-02-17 14:50:56.700636
2026-01-14,PPT --> LAX,"Refundable Main
+ $66
30k miles
only 2 left",2025-02-17 15:19:04.792476
2026-01-14,PPT --> LAX,"Refundable Partner Business
+ $66
60k miles
only 4 left",2025-02-17 15:33:40.027865
2026-01-14,PPT --> LAX,"Refundable Main
+ $66
30k miles
only 2 left",2025-02-17 15:47:27.528293
2026-01-14,PPT --> LAX,"Refundable Partner Business
+ $66
60k miles
only 4 left",2025-02-17 16:21:35.388118
2026-01-14,PPT --> LAX,"Refundable Main
+ $66
30k miles
only 2 left",2025-02-17 16:49:29.229658
2026-01-14,PPT --> LAX,"Refundable Main
+ $66
30k miles
only 2 left",2025-02-17 17:15:20.034053
2026-01-14,PPT --> LAX,"Refundable Main
+ $66
30k miles
only 2 left",2025-02-17 17:32:00.805715
2026-01-14,PPT --> LAX,"Refundable Partner Business
+ $66
60k miles
only 4 left",2025-02-17 17:47:27.478037
2026-01-14,PPT --> LAX,"Refundable Partner Business
+ $66
60k miles
only 4 left",2025-02-17 18:23:05.713821
2026-01-14,PPT --> LAX,"Refundable Main
+ $66
30k miles
only 2 left",2025-02-17 18:48:08.118147
2026-01-14,PPT --> LAX,"Refundable Main
+ $66
30k miles
only 2 left",2025-02-17 19:14:13.598876
2026-01-14,PPT --> LAX,"Refundable Main
+ $66
30k miles
only 2 left",2025-02-17 19:28:03.372961
2026-01-14,PPT --> LAX,"Refundable Partner Business
+ $66
60k miles
only 4 left",2025-02-17 19:47:10.548126
2026-01-14,LAX --> PPT,"Refundable Partner Business
+ $19
85k miles
A guest will be in different cabins for different segments of the trip.
Mixed itinerary:
BUR to SEA–Main
SEA to PPT–Business",2025-02-17 19:47:16.150882
2026-01-14,PPT --> LAX,"Refundable Main
+ $66
30k miles
only 2 left",2025-02-17 20:18:03.096398
2026-01-14,PPT --> LAX,"Refundable Main
+ $66
30k miles
only 2 left",2025-02-17 20:32:58.442967
2026-01-14,PPT --> LAX,"Refundable Partner Business
+ $66
60k miles
only 4 left",2025-02-17 20:47:16.566532
2026-01-14,PPT --> LAX,"Refundable Partner Business
+ $66
60k miles
only 4 left",2025-02-17 21:15:37.082668
2026-01-14,PPT --> LAX,"Refundable Partner Business
+ $66
60k miles
only 4 left",2025-02-17 21:29:31.357114
2026-01-14,PPT --> LAX,"Refundable Main
+ $66
30k miles
only 2 left",2025-02-17 21:47:46.678290
2026-01-14,PPT --> LAX,"Refundable Partner Business
+ $66
60k miles
only 4 left",2025-02-17 22:15:27.935817
2026-01-14,PPT --> LAX,"Refundable Partner Business
+ $66
60k miles
only 4 left",2025-02-17 22:33:34.805994
2026-01-14,PPT --> LAX,"Refundable Partner Business
+ $66
60k miles
only 4 left",2025-02-17 22:47:21.746052
2026-01-14,PPT --> LAX,"Refundable Partner Business
+ $66
60k miles
only 4 left",2025-02-17 23:15:54.161358
2026-01-14,PPT --> LAX,"Refundable Main
+ $66
30k miles
only 2 left",2025-02-17 23:29:22.934899
2026-01-14,PPT --> LAX,"Refundable Main
+ $66
30k miles
only 2 left",2025-02-17 23:47:01.549906
2026-01-16,PPT --> LAX,"Refundable Partner Business
+ $66
60k miles
only 4 left",2025-02-19 08:22:45.823971
2026-01-16,PPT --> LAX,"Refundable Main
+ $66
30k miles
only 2 left",2025-02-19 08:51:17.718030
2026-01-16,PPT --> LAX,"Refundable Partner Business
+ $66
60k miles
only 4 left",2025-02-19 09:18:16.955159
2026-01-16,PPT --> LAX,"Refundable Main
+ $66
30k miles
only 2 left",2025-02-19 09:34:52.215944
2026-01-16,PPT --> LAX,"Refundable Partner Business
+ $66
60k miles
only 4 left",2025-02-19 09:48:03.509835
2026-01-16,PPT --> LAX,"Refundable Main
+ $66
30k miles
only 2 left",2025-02-19 10:18:51.844154
2026-01-16,PPT --> LAX,"Refundable Partner Business
+ $66
60k miles
only 4 left",2025-02-19 10:39:28.675425
2026-01-16,PPT --> LAX,"Refundable Main
+ $66
30k miles
only 2 left",2025-02-19 11:14:39.396919
2026-01-16,PPT --> LAX,"Refundable Partner Business
+ $66
60k miles
only 4 left",2025-02-19 11:28:09.961398
2026-01-16,PPT --> LAX,"Refundable Main
+ $66
30k miles
only 2 left",2025-02-19 11:47:31.818554
2026-01-16,PPT --> LAX,"Refundable Main
+ $66
30k miles
only 2 left",2025-02-19 12:32:00.139553
2026-01-16,PPT --> LAX,"Refundable Main
+ $66
30k miles
only 2 left",2025-02-19 13:03:01.321310
2026-01-16,PPT --> LAX,"Refundable Main
+ $66
30k miles
only 2 left",2025-02-19 13:35:55.641318
2026-01-16,LAX --> PPT,"Refundable Main
+ $19
30k miles
only 2 left",2025-02-19 13:35:59.603395
2026-01-16,PPT --> LAX,"Refundable Partner Business
+ $66
60k miles
only 4 left",2025-02-19 13:48:35.782152
2026-01-16,PPT --> LAX,"Refundable Main
+ $66
30k miles
only 2 left",2025-02-19 14:17:13.951682
2026-01-16,PPT --> LAX,"Refundable Partner Business
+ $66
60k miles
only 4 left",2025-02-19 14:37:29.634488
2026-01-16,PPT --> LAX,"Refundable Main
+ $66
30k miles
only 2 left",2025-02-19 14:51:26.683215
2026-01-16,PPT --> LAX,"Refundable Partner Business
+ $66
60k miles
only 4 left",2025-02-19 15:19:29.085114
2026-01-16,PPT --> LAX,"Refundable Main
+ $66
30k miles
only 2 left",2025-02-19 15:36:13.614612
2026-01-16,PPT --> LAX,"Refundable Partner Business
+ $66
60k miles
only 4 left",2025-02-19 15:49:11.638478
2026-01-16,PPT --> LAX,"Refundable Main
+ $66
30k miles
only 2 left",2025-02-19 16:20:50.781017
2026-01-16,PPT --> LAX,"Refundable Main
+ $66
30k miles
only 2 left",2025-02-19 16:50:47.132300
2026-01-16,PPT --> LAX,"Refundable Partner Business
+ $66
60k miles
only 4 left",2025-02-19 17:15:59.130664
2026-01-16,PPT --> LAX,"Refundable Partner Business
+ $66
60k miles
only 4 left",2025-02-19 17:34:18.823569
2026-01-16,PPT --> LAX,"Refundable Partner Business
+ $66
60k miles
only 4 left",2025-02-19 17:47:11.925203
2026-01-16,PPT --> LAX,"Refundable Main
+ $66
30k miles
only 2 left",2025-02-19 18:22:34.289826
2026-01-16,PPT --> LAX,"Refundable Partner Business
+ $66
60k miles
only 4 left",2025-02-19 18:49:34.963914
2026-01-16,PPT --> LAX,"Refundable Main
+ $66
30k miles
only 2 left",2025-02-19 19:14:14.631412
2026-01-16,PPT --> LAX,"Refundable Main
+ $66
30k miles
only 2 left",2025-02-19 19:28:18.715843
2026-01-16,PPT --> LAX,"Refundable Main
+ $66
30k miles
only 2 left",2025-02-19 19:47:44.699877
2026-01-16,PPT --> LAX,"Refundable Partner Business
+ $66
60k miles
only 4 left",2025-02-19 20:19:46.580155
2026-01-16,PPT --> LAX,"Refundable Main
+ $66
30k miles
only 2 left",2025-02-19 20:36:14.933514
2026-01-16,PPT --> LAX,"Refundable Main
+ $66
30k miles
only 2 left",2025-02-19 20:49:48.607733
2026-01-16,PPT --> LAX,"Refundable Partner Business
+ $66
60k miles
only 4 left",2025-02-19 21:16:22.430401
2026-01-16,PPT --> LAX,"Refundable Main
+ $66
30k miles
only 2 left",2025-02-19 21:29:51.187553
2026-01-16,LAX --> PPT,"Refundable Main
+ $19
30k miles
only 2 left",2025-02-19 21:29:54.968851
2026-01-16,PPT --> LAX,"Refundable Main
+ $66
30k miles
only 2 left",2025-02-19 21:47:10.779468
2026-01-16,PPT --> LAX,"Refundable Main
+ $66
30k miles
only 2 left",2025-02-19 22:16:51.285167
2026-01-16,PPT --> LAX,"Refundable Partner Business
+ $66
60k miles
only 4 left",2025-02-19 22:33:37.072530
2026-01-16,PPT --> LAX,"Refundable Main
+ $66
30k miles
only 2 left",2025-02-19 22:47:09.663139
2026-01-16,PPT --> LAX,"Refundable Partner Business
+ $66
60k miles
only 4 left",2025-02-19 23:16:19.889736
2026-01-16,PPT --> LAX,"Refundable Main
+ $66
30k miles
only 2 left",2025-02-19 23:30:36.728207
2026-01-16,PPT --> LAX,"Refundable Partner Business
+ $66
60k miles
only 4 left",2025-02-19 23:47:02.675166
2026-01-16,LAX --> PPT,"Refundable Partner Business
+ $19
220k miles",2025-02-19 23:47:06.935453
2026-01-16,PPT --> LAX,"Refundable Main
+ $66
30k miles
only 2 left",2025-02-20 00:16:27.136678
2026-01-16,LAX --> PPT,"Refundable Main
+ $19
30k miles
only 2 left",2025-02-20 00:16:32.661460
2026-01-16,PPT --> LAX,"Refundable Partner Business
+ $66
60k miles
only 4 left",2025-02-20 00:19:49.712795
2026-01-16,PPT --> LAX,"Refundable Main
+ $66
30k miles
only 2 left",2025-02-20 00:33:17.344348
2026-01-16,LAX --> PPT,"Refundable Main
+ $19
30k miles
only 2 left",2025-02-20 00:33:26.148569
2026-01-17,PPT --> LAX,"Refundable Partner Business
+ $66
60k miles
only 2 left",2025-02-20 08:22:54.089656
2026-01-17,PPT --> LAX,"Refundable Partner Business
+ $66
60k miles
only 2 left",2025-02-20 08:49:13.898428
2026-01-17,PPT --> LAX,"Refundable Partner Business
+ $66
60k miles
only 2 left",2025-02-20 09:18:23.594370
2026-01-17,PPT --> LAX,"Refundable Partner Business
+ $66
60k miles
only 2 left",2025-02-20 09:34:45.473765
2026-01-17,PPT --> LAX,"Refundable Partner Business
+ $66
60k miles
only 2 left",2025-02-20 09:48:02.318669
2026-01-17,PPT --> LAX,"Refundable Partner Business
+ $66
60k miles
only 2 left",2025-02-20 10:19:13.859839
2026-01-17,PPT --> LAX,"Refundable Partner Business
+ $66
60k miles
only 2 left",2025-02-20 10:40:10.407888
2026-01-17,PPT --> LAX,"Refundable Main
+ $66
30k miles
only 2 left",2025-02-20 11:14:47.401013
2026-01-17,PPT --> LAX,"Refundable Partner Business
+ $66
60k miles
only 2 left",2025-02-20 11:28:06.563555
2026-01-17,PPT --> LAX,"Refundable Partner Business
+ $66
60k miles
only 2 left",2025-02-20 11:47:12.113374
2026-01-17,PPT --> LAX,"Refundable Partner Business
+ $66
60k miles
only 2 left",2025-02-20 12:34:57.415865
2026-01-17,PPT --> LAX,"Refundable Partner Business
+ $66
60k miles
only 2 left",2025-02-20 13:04:05.248640
2026-01-17,PPT --> LAX,"Refundable Partner Business
+ $66
60k miles
only 2 left",2025-02-20 13:36:09.182197
2026-01-17,PPT --> LAX,"Refundable Partner Business
+ $66
60k miles
only 2 left",2025-02-20 13:49:22.472667
2026-01-17,PPT --> LAX,"Refundable Main
+ $66
30k miles
only 2 left",2025-02-20 14:17:13.286395
2026-01-17,PPT --> LAX,"Refundable Partner Business
+ $66
60k miles
only 2 left",2025-02-20 14:37:50.526524
2026-01-17,PPT --> LAX,"Refundable Partner Business
+ $66
60k miles
only 2 left",2025-02-20 14:50:53.132319
2026-01-17,PPT --> LAX,"Refundable Main
+ $66
30k miles
only 2 left",2025-02-20 15:19:42.121729
2026-01-17,PPT --> LAX,"Refundable Partner Business
+ $66
60k miles
only 2 left",2025-02-20 15:38:08.526501
2026-01-17,PPT --> LAX,"Refundable Main
+ $66
30k miles
only 2 left",2025-02-20 15:51:08.435554
2026-01-17,PPT --> LAX,"Refundable Partner Business
+ $66
60k miles
only 2 left",2025-02-20 16:22:51.132002
2026-01-17,PPT --> LAX,"Refundable Main
+ $66
30k miles
only 2 left",2025-02-20 16:51:45.563756
2026-01-17,PPT --> LAX,"Refundable Main
+ $66
30k miles
only 2 left",2025-02-20 17:15:04.790162
2026-01-17,PPT --> LAX,"Refundable Partner Business
+ $66
60k miles
only 2 left",2025-02-20 17:32:16.711503
2026-01-17,PPT --> LAX,"Refundable Partner Business
+ $66
60k miles
only 2 left",2025-02-20 17:47:19.054004
2026-01-17,PPT --> LAX,"Refundable Main
+ $66
30k miles
only 2 left",2025-02-20 18:23:53.106781
2026-01-17,PPT --> LAX,"Refundable Main
+ $66
30k miles
only 2 left",2025-02-20 18:50:10.166329
2026-01-17,PPT --> LAX,"Refundable Partner Business
+ $66
60k miles
only 2 left",2025-02-20 19:13:43.570010
2026-01-17,PPT --> LAX,"Refundable Partner Business
+ $66
60k miles
only 2 left",2025-02-20 19:27:37.549323
2026-01-17,PPT --> LAX,"Refundable Partner Business
+ $66
60k miles
only 2 left",2025-02-20 19:47:30.195188
2026-01-17,PPT --> LAX,"Refundable Main
+ $66
30k miles
only 2 left",2025-02-20 20:19:48.157007
2026-01-17,PPT --> LAX,"Refundable Main
+ $66
30k miles
only 2 left",2025-02-20 20:36:37.833446
2026-01-17,PPT --> LAX,"Refundable Main
+ $66
30k miles
only 2 left",2025-02-20 20:49:28.084501
2026-01-17,PPT --> LAX,"Refundable Main
+ $66
30k miles
only 2 left",2025-02-20 21:14:33.484437
2026-01-17,PPT --> LAX,"Refundable Partner Business
+ $66
60k miles
only 2 left",2025-02-20 21:30:10.882971
2026-01-17,PPT --> LAX,"Refundable Partner Business
+ $66
60k miles
only 2 left",2025-02-20 21:47:12.247469
2026-01-17,PPT --> LAX,"Refundable Partner Business
+ $66
60k miles
only 2 left",2025-02-20 22:16:47.872004
2026-01-17,PPT --> LAX,"Refundable Partner Business
+ $66
60k miles
only 2 left",2025-02-20 22:35:28.694059
2026-01-17,PPT --> LAX,"Refundable Main
+ $66
30k miles
only 2 left",2025-02-20 22:48:47.504140
2026-01-17,PPT --> LAX,"Refundable Main
+ $66
30k miles
only 2 left",2025-02-20 23:17:18.867853
2026-01-17,LAX --> PPT,"Refundable Partner Business
+ $19
220k miles",2025-02-20 23:17:25.608851
2026-01-17,PPT --> LAX,"Refundable Partner Business
+ $66
60k miles
only 2 left",2025-02-20 23:31:48.740137
2026-01-17,PPT --> LAX,"Refundable Main
+ $66
30k miles
only 2 left",2025-02-20 23:47:31.868757
2026-01-18,PPT --> LAX,"Refundable Main
+ $71
42.5k miles
only 1 left",2025-02-21 08:22:26.918938
2026-01-18,PPT --> LAX,"Refundable Partner Business
+ $71
85k miles
A guest will be in different cabins for different segments of the trip.
Mixed itinerary:
PPT to SEA–Business
SEA to LAX–Main",2025-02-21 08:49:05.494842
2026-01-18,PPT --> LAX,"Refundable Partner Business
+ $71
85k miles
A guest will be in different cabins for different segments of the trip.
Mixed itinerary:
PPT to SEA–Business
SEA to LAX–Main",2025-02-21 09:18:15.560323
2026-01-18,PPT --> LAX,"Refundable Main
+ $71
42.5k miles
only 1 left",2025-02-21 09:33:55.221230
2026-01-18,PPT --> LAX,"Refundable Main
+ $71
42.5k miles
only 1 left",2025-02-21 09:47:33.096427
2026-01-18,PPT --> LAX,"Refundable Main
+ $71
42.5k miles
only 1 left",2025-02-21 10:19:28.155072
2026-01-18,PPT --> LAX,"Refundable Partner Business
+ $71
85k miles
A guest will be in different cabins for different segments of the trip.
Mixed itinerary:
PPT to SEA–Business
SEA to LAX–Main",2025-02-21 10:38:45.618853
2026-01-18,PPT --> LAX,"Refundable Partner Business
+ $71
85k miles
A guest will be in different cabins for different segments of the trip.
Mixed itinerary:
PPT to SEA–Business
SEA to LAX–Main",2025-02-21 10:52:20.298473
2026-01-19,PPT --> LAX,"Refundable Main
+ $66
30k miles
only 2 left",2025-02-22 08:19:34.117618
2026-01-19,PPT --> LAX,"Refundable Main
+ $66
30k miles
only 2 left",2025-02-22 08:37:49.683961
2026-01-19,PPT --> LAX,"Refundable Partner Business
+ $66
60k miles
only 4 left",2025-02-22 08:50:58.025012
2026-01-19,PPT --> LAX,"Refundable Main
+ $66
30k miles
only 2 left",2025-02-22 09:17:09.310100
2026-01-19,PPT --> LAX,"Refundable Main
+ $66
30k miles
only 2 left",2025-02-22 09:30:59.760614
2026-01-19,PPT --> LAX,"Refundable Main
+ $66
30k miles
only 2 left",2025-02-22 09:47:02.928814
2026-01-19,PPT --> LAX,"Refundable Main
+ $66
30k miles
only 2 left",2025-02-22 10:16:03.382934
2026-01-19,PPT --> LAX,"Refundable Main
+ $66
30k miles
only 2 left",2025-02-22 10:38:26.819170
2026-01-19,PPT --> LAX,"Refundable Partner Business
+ $66
60k miles
only 4 left",2025-02-22 10:51:53.786814
2026-01-19,PPT --> LAX,"Refundable Main
+ $66
30k miles
only 2 left",2025-02-22 11:12:44.382178
2026-01-19,PPT --> LAX,"Refundable Main
+ $66
30k miles
only 2 left",2025-02-22 11:27:59.801802
2026-01-19,PPT --> LAX,"Refundable Main
+ $66
30k miles
only 2 left",2025-02-22 11:46:59.998425
2026-01-19,PPT --> LAX,"Refundable Main
+ $66
30k miles
only 2 left",2025-02-22 12:30:12.097539
2026-01-19,PPT --> LAX,"Refundable Partner Business
+ $66
60k miles
only 4 left",2025-02-22 12:59:18.061037
2026-01-19,PPT --> LAX,"Refundable Partner Business
+ $66
60k miles
only 4 left",2025-02-22 13:25:23.418866
2026-01-19,PPT --> LAX,"Refundable Partner Business
+ $66
60k miles
only 4 left",2025-02-22 13:47:19.742565
2026-01-19,PPT --> LAX,"Refundable Partner Business
+ $66
60k miles
only 4 left",2025-02-22 14:14:43.752076
2026-01-19,PPT --> LAX,"Refundable Partner Business
+ $66
60k miles
only 4 left",2025-02-22 14:31:29.618024
2026-01-19,PPT --> LAX,"Refundable Partner Business
+ $66
60k miles
only 4 left",2025-02-22 14:47:07.709010
2026-01-19,PPT --> LAX,"Refundable Main
+ $66
30k miles
only 2 left",2025-02-22 15:15:45.470681
2026-01-19,PPT --> LAX,"Refundable Partner Business
+ $66
60k miles
only 4 left",2025-02-22 15:30:45.569104
2026-01-19,PPT --> LAX,"Refundable Main
+ $66
30k miles
only 2 left",2025-02-22 15:47:05.256345
2026-01-19,PPT --> LAX,"Refundable Partner Business
+ $66
60k miles
only 4 left",2025-02-22 16:18:36.132541
2026-01-19,PPT --> LAX,"Refundable Main
+ $66
30k miles
only 2 left",2025-02-22 16:38:46.127897
2026-01-19,PPT --> LAX,"Refundable Main
+ $66
30k miles
only 2 left",2025-02-22 16:51:47.634517
2026-01-19,PPT --> LAX,"Refundable Main
+ $66
30k miles
only 2 left",2025-02-22 17:14:47.184154
2026-01-19,PPT --> LAX,"Refundable Main
+ $66
30k miles
only 2 left",2025-02-22 17:32:26.673524
2026-01-19,PPT --> LAX,"Refundable Partner Business
+ $66
60k miles
only 4 left",2025-02-22 17:47:53.266257
2026-01-19,PPT --> LAX,"Refundable Partner Business
+ $66
60k miles
only 4 left",2025-02-22 18:22:07.053943
2026-01-19,PPT --> LAX,"Refundable Main
+ $66
30k miles
only 2 left",2025-02-22 18:47:12.443493
2026-01-19,PPT --> LAX,"Refundable Main
+ $66
30k miles
only 2 left",2025-02-22 19:13:39.336687
2026-01-19,PPT --> LAX,"Refundable Partner Business
+ $66
60k miles
only 4 left",2025-02-22 19:28:12.749641
2026-01-19,PPT --> LAX,"Refundable Main
+ $66
30k miles
only 2 left",2025-02-22 19:47:28.177483
2026-01-19,PPT --> LAX,"Refundable Partner Business
+ $66
60k miles
only 4 left",2025-02-22 20:17:23.821270
2026-01-19,PPT --> LAX,"Refundable Main
+ $66
30k miles
only 2 left",2025-02-22 20:30:55.341447
2026-01-19,PPT --> LAX,"Refundable Partner Business
+ $66
60k miles
only 4 left",2025-02-22 20:47:21.129260
2026-01-19,PPT --> LAX,"Refundable Partner Business
+ $66
60k miles
only 4 left",2025-02-22 21:15:45.595442
2026-01-19,PPT --> LAX,"Refundable Main
+ $66
30k miles
only 2 left",2025-02-22 21:29:02.994017
2026-01-19,PPT --> LAX,"Refundable Main
+ $66
30k miles
only 2 left",2025-02-22 21:47:05.303423
2026-01-19,PPT --> LAX,"Refundable Partner Business
+ $66
60k miles
only 4 left",2025-02-22 22:14:53.518547
2026-01-19,PPT --> LAX,"Refundable Main
+ $66
30k miles
only 2 left",2025-02-22 22:32:26.108202
2026-01-19,PPT --> LAX,"Refundable Partner Business
+ $66
60k miles
only 4 left",2025-02-22 22:47:25.144105
2026-01-19,PPT --> LAX,"Refundable Partner Business
+ $66
60k miles
only 4 left",2025-02-22 23:15:22.325130
2026-01-19,PPT --> LAX,"Refundable Main
+ $66
30k miles
only 2 left",2025-02-22 23:29:14.748428
2026-01-19,PPT --> LAX,"Refundable Partner Business
+ $66
60k miles
only 4 left",2025-02-22 23:46:58.795958
2026-01-20,LAX --> PPT,"Refundable Partner Business
+ $19
60k miles
only 4 left",2025-02-23 18:22:05.738801
2026-01-21,PPT --> LAX,"Refundable Main
+ $66
30k miles
only 2 left",2025-02-24 08:24:02.079637
2026-01-21,PPT --> LAX,"Refundable Main
+ $66
30k miles
only 2 left",2025-02-24 08:50:20.635340
2026-01-21,PPT --> LAX,"Refundable Partner Business
+ $66
60k miles
only 4 left",2025-02-24 09:19:55.420426
2026-01-21,PPT --> LAX,"Refundable Partner Business
+ $66
60k miles
only 4 left",2025-02-24 09:37:17.212497
2026-01-21,PPT --> LAX,"Refundable Main
+ $66
30k miles
only 2 left",2025-02-24 09:50:45.226627
2026-01-21,PPT --> LAX,"Refundable Main
+ $66
30k miles
only 2 left",2025-02-24 10:19:29.572324
2026-01-21,PPT --> LAX,"Refundable Partner Business
+ $66
60k miles
only 2 left",2025-02-24 10:40:24.276469
2026-01-21,PPT --> LAX,"Refundable Partner Business
+ $66
60k miles
only 2 left",2025-02-24 11:15:01.620181
2026-01-21,PPT --> LAX,"Refundable Main
+ $66
30k miles
only 2 left",2025-02-24 11:28:55.114820
2026-01-21,PPT --> LAX,"Refundable Main
+ $66
30k miles
only 2 left",2025-02-24 11:47:09.625017
2026-01-21,PPT --> LAX,"Refundable Partner Business
+ $66
60k miles
only 2 left",2025-02-24 12:35:25.637689
2026-01-21,PPT --> LAX,"Refundable Main
+ $66
30k miles
only 2 left",2025-02-24 13:06:08.524729
2026-01-21,PPT --> LAX,"Refundable Main
+ $66
30k miles
only 2 left",2025-02-24 13:38:14.374100
2026-01-21,PPT --> LAX,"Refundable Partner Business
+ $66
60k miles
only 2 left",2025-02-24 13:50:51.874853
2026-01-21,PPT --> LAX,"Refundable Main
+ $66
30k miles
only 2 left",2025-02-24 14:17:28.415338
2026-01-21,PPT --> LAX,"Refundable Main
+ $66
30k miles
only 2 left",2025-02-24 14:38:51.937670
2026-01-21,PPT --> LAX,"Refundable Partner Business
+ $66
60k miles
only 2 left",2025-02-24 14:52:03.009168
2026-01-21,PPT --> LAX,"Refundable Partner Business
+ $66
60k miles
only 2 left",2025-02-24 15:19:58.089182
2026-01-21,PPT --> LAX,"Refundable Main
+ $66
30k miles
only 2 left",2025-02-24 15:38:43.442029
2026-01-21,PPT --> LAX,"Refundable Main
+ $66
30k miles
only 2 left",2025-02-24 15:52:11.814380
2026-01-21,PPT --> LAX,"Refundable Partner Business
+ $66
60k miles
only 2 left",2025-02-24 16:22:56.347311
2026-01-21,PPT --> LAX,"Refundable Partner Business
+ $66
60k miles
only 2 left",2025-02-24 16:51:33.522109
2026-01-21,PPT --> LAX,"Refundable Partner Business
+ $66
60k miles
only 2 left",2025-02-24 17:15:26.244126
2026-01-21,PPT --> LAX,"Refundable Partner Business
+ $66
60k miles
only 2 left",2025-02-24 17:32:28.573487
2026-01-21,PPT --> LAX,"Refundable Partner Business
+ $66
60k miles
only 2 left",2025-02-24 17:47:22.328590
2026-01-21,PPT --> LAX,"Refundable Partner Business
+ $66
60k miles
only 2 left",2025-02-24 18:24:15.127303
2026-01-21,PPT --> LAX,"Refundable Partner Business
+ $66
60k miles
only 2 left",2025-02-24 18:50:30.778812
2026-01-21,PPT --> LAX,"Refundable Partner Business
+ $66
60k miles
only 2 left",2025-02-24 19:14:17.261754
2026-01-21,PPT --> LAX,"Refundable Main
+ $66
30k miles
only 2 left",2025-02-24 19:28:18.854867
2026-01-21,PPT --> LAX,"Refundable Partner Business
+ $66
60k miles
only 2 left",2025-02-24 19:47:14.770360
2026-01-21,PPT --> LAX,"Refundable Partner Business
+ $66
60k miles
only 2 left",2025-02-24 20:19:46.575126
2026-01-21,PPT --> LAX,"Refundable Partner Business
+ $66
60k miles
only 2 left",2025-02-24 20:36:54.260059
2026-01-21,PPT --> LAX,"Refundable Partner Business
+ $66
60k miles
only 2 left",2025-02-24 20:50:15.685744
2026-01-21,PPT --> LAX,"Refundable Main
+ $66
30k miles
only 2 left",2025-02-24 21:16:01.384254
2026-01-21,PPT --> LAX,"Refundable Partner Business
+ $66
60k miles
only 2 left",2025-02-24 21:31:19.394749
2026-01-21,PPT --> LAX,"Refundable Partner Business
+ $66
60k miles
only 2 left",2025-02-24 21:47:13.916091
2026-01-21,PPT --> LAX,"Refundable Main
+ $66
30k miles
only 2 left",2025-02-24 22:16:45.611855
2026-01-21,PPT --> LAX,"Refundable Partner Business
+ $66
60k miles
only 2 left",2025-02-24 22:35:55.008061
2026-01-21,PPT --> LAX,"Refundable Partner Business
+ $66
60k miles
only 2 left",2025-02-24 22:49:04.367940
2026-01-21,PPT --> LAX,"Refundable Partner Business
+ $66
60k miles
only 2 left",2025-02-24 23:16:45.173684
2026-01-21,PPT --> LAX,"Refundable Partner Business
+ $66
60k miles
only 2 left",2025-02-24 23:30:31.847541
2026-01-21,PPT --> LAX,"Refundable Partner Business
+ $66
60k miles
only 2 left",2025-02-24 23:46:59.754628
2026-01-23,LAX --> PPT,"Refundable Partner Business
+ $19
220k miles",2025-02-27 01:17:13.470014
2026-01-23,PPT --> LAX,"Refundable Partner Business
+ $66
220k miles
only 4 left",2025-02-27 01:54:02.893510
2026-01-23,LAX --> PPT,"Refundable Partner Business
+ $19
220k miles",2025-02-27 01:59:35.473442
2026-01-23,PPT --> LAX,"Refundable Partner Business
+ $66
220k miles
only 4 left",2025-02-27 02:03:10.618424
2026-01-23,LAX --> PPT,"Refundable Partner Business
+ $19
220k miles",2025-02-27 02:08:57.560422
2026-01-23,PPT --> LAX,"Refundable Partner Business
+ $66
220k miles
only 4 left",2025-02-27 02:12:48.638847
2026-01-23,LAX --> PPT,"Refundable Partner Business
+ $19
220k miles",2025-02-27 02:52:22.916387
2026-01-23,PPT --> LAX,"Refundable Partner Business
+ $66
220k miles
only 4 left",2025-02-27 02:57:45.198181
2026-01-23,LAX --> PPT,"Refundable Partner Business
+ $19
220k miles",2025-02-27 03:02:53.514227
2026-01-23,PPT --> LAX,"Refundable Partner Business
+ $66
220k miles
only 4 left",2025-02-27 03:05:01.743022
2026-01-23,LAX --> PPT,"Refundable Partner Business
+ $19
220k miles",2025-02-27 03:06:24.862943
2026-01-23,PPT --> LAX,"Refundable Partner Business
+ $66
220k miles
only 4 left",2025-02-27 03:16:40.063016
2026-01-23,LAX --> PPT,"Refundable Partner Business
+ $19
220k miles",2025-02-27 03:24:42.105678
2026-01-23,PPT --> LAX,"Refundable Partner Business
+ $66
220k miles
only 4 left",2025-02-27 03:32:00.135613
2026-01-23,LAX --> PPT,"Refundable Partner Business
+ $19
220k miles",2025-02-27 03:41:22.857704
2026-01-23,PPT --> LAX,"Refundable Partner Business
+ $66
220k miles
only 4 left",2025-02-27 03:43:31.705684
2026-01-23,LAX --> PPT,"Refundable Partner Business
+ $19
220k miles",2025-02-27 03:48:13.557801
2026-01-23,PPT --> LAX,"Refundable Partner Business
+ $66
220k miles
only 4 left",2025-02-27 03:58:39.221027
2026-01-23,LAX --> PPT,"Refundable Partner Business
+ $19
220k miles",2025-02-27 04:20:50.649638
2026-01-23,PPT --> LAX,"Refundable Partner Business
+ $66
220k miles
only 4 left",2025-02-27 04:30:19.055162
2026-01-23,LAX --> PPT,"Refundable Partner Business
+ $19
220k miles",2025-02-27 04:38:58.903529
2026-01-23,PPT --> LAX,"Refundable Partner Business
+ $66
220k miles
only 4 left",2025-02-27 04:41:32.956188
2026-01-23,LAX --> PPT,"Refundable Partner Business
+ $19
220k miles",2025-02-27 04:46:35.733281
2026-01-23,PPT --> LAX,"Refundable Partner Business
+ $66
220k miles
only 4 left",2025-02-27 04:59:05.286573
2026-01-23,LAX --> PPT,"Refundable Partner Business
+ $19
220k miles",2025-02-27 05:18:21.964120
2026-01-23,PPT --> LAX,"Refundable Partner Business
+ $66
220k miles
only 4 left",2025-02-27 05:26:57.928605
2026-01-23,LAX --> PPT,"Refundable Partner Business
+ $19
220k miles",2025-02-27 05:36:15.437218
2026-01-23,PPT --> LAX,"Refundable Partner Business
+ $66
220k miles
only 4 left",2025-02-27 05:39:21.346426
2026-01-23,LAX --> PPT,"Refundable Partner Business
+ $19
220k miles",2025-02-27 05:44:35.817484
2026-01-23,PPT --> LAX,"Refundable Partner Business
+ $66
220k miles
only 4 left",2025-02-27 05:58:50.318575
2026-01-23,LAX --> PPT,"Refundable Partner Business
+ $19
220k miles",2025-02-27 06:24:23.898690
2026-01-23,PPT --> LAX,"Refundable Partner Business
+ $66
220k miles
only 4 left",2025-02-27 06:34:41.745119
2026-01-23,LAX --> PPT,"Refundable Partner Business
+ $19
220k miles",2025-02-27 06:42:20.093134
2026-01-23,PPT --> LAX,"Refundable Partner Business
+ $66
220k miles
only 4 left",2025-02-27 06:44:14.829872
2026-01-23,LAX --> PPT,"Refundable Partner Business
+ $19
220k miles",2025-02-27 06:48:46.566812
2026-01-23,PPT --> LAX,"Refundable Partner Business
+ $66
220k miles
only 4 left",2025-02-27 06:59:00.898302
2026-01-23,LAX --> PPT,"Refundable Partner Business
+ $19
220k miles",2025-02-27 07:16:35.185942
2026-01-23,PPT --> LAX,"Refundable Partner Business
+ $66
220k miles
only 4 left",2025-02-27 07:23:36.852457
2026-01-23,LAX --> PPT,"Refundable Partner Business
+ $19
220k miles",2025-02-27 07:30:21.557003
2026-01-23,PPT --> LAX,"Refundable Partner Business
+ $66
220k miles
only 4 left",2025-02-27 07:35:14.398077
2026-01-23,LAX --> PPT,"Refundable Partner Business
+ $19
220k miles",2025-02-27 07:43:26.946805
2026-01-23,PPT --> LAX,"Refundable Partner Business
+ $66
220k miles
only 4 left",2025-02-27 07:58:34.528772
2026-01-23,LAX --> PPT,"Refundable Partner Business
+ $19
220k miles",2025-02-27 08:21:40.971041
2026-01-23,PPT --> LAX,"Refundable Partner Business
+ $66
220k miles
only 4 left",2025-02-27 08:31:57.124115
2026-01-23,LAX --> PPT,"Refundable Partner Business
+ $19
220k miles",2025-02-27 08:39:17.389904
2026-01-23,PPT --> LAX,"Refundable Partner Business
+ $66
220k miles
only 4 left",2025-02-27 08:42:19.390606
2026-01-23,LAX --> PPT,"Refundable Partner Business
+ $19
220k miles",2025-02-27 08:48:17.197593
2026-01-23,PPT --> LAX,"Refundable Partner Business
+ $66
220k miles
only 4 left",2025-02-27 08:58:45.173425
2026-01-23,LAX --> PPT,"Refundable Partner Business
+ $19
220k miles",2025-02-27 09:18:54.439132
2026-01-23,PPT --> LAX,"Refundable Partner Business
+ $66
220k miles
only 4 left",2025-02-27 09:26:49.255123
2026-01-23,LAX --> PPT,"Refundable Partner Business
+ $19
220k miles",2025-02-27 09:33:30.064746
2026-01-23,PPT --> LAX,"Refundable Partner Business
+ $66
220k miles
only 4 left",2025-02-27 09:37:35.484877
2026-01-23,LAX --> PPT,"Refundable Partner Business
+ $19
220k miles",2025-02-27 09:43:55.966827
2026-01-23,PPT --> LAX,"Refundable Partner Business
+ $66
220k miles
only 4 left",2025-02-27 09:59:01.635513
2026-01-23,LAX --> PPT,"Refundable Partner Business
+ $19
220k miles",2025-02-27 10:18:41.080839
2026-01-23,PPT --> LAX,"Refundable Partner Business
+ $66
220k miles
only 4 left",2025-02-27 10:28:13.240398
2026-01-23,LAX --> PPT,"Refundable Partner Business
+ $19
220k miles",2025-02-27 10:38:32.859755
2026-01-23,PPT --> LAX,"Refundable Partner Business
+ $66
220k miles
only 4 left",2025-02-27 10:41:01.451440
2026-01-23,LAX --> PPT,"Refundable Partner Business
+ $19
220k miles",2025-02-27 10:46:24.397403
2026-01-23,PPT --> LAX,"Refundable Partner Business
+ $66
220k miles
only 4 left",2025-02-27 10:58:32.390900
2026-01-23,LAX --> PPT,"Refundable Partner Business
+ $19
220k miles",2025-02-27 11:14:46.233629
2026-01-23,PPT --> LAX,"Refundable Partner Business
+ $66
220k miles
only 4 left",2025-02-27 11:20:50.632511
2026-01-23,LAX --> PPT,"Refundable Partner Business
+ $19
220k miles",2025-02-27 11:28:43.891957
2026-01-23,PPT --> LAX,"Refundable Partner Business
+ $66
220k miles
only 4 left",2025-02-27 11:35:34.796093
2026-01-23,LAX --> PPT,"Refundable Partner Business
+ $19
220k miles",2025-02-27 11:43:11.982052
2026-01-23,PPT --> LAX,"Refundable Partner Business
+ $66
220k miles
only 4 left",2025-02-27 12:00:00.382523
2026-01-23,LAX --> PPT,"Refundable Partner Business
+ $19
220k miles",2025-02-27 12:34:02.650455
2026-01-23,PPT --> LAX,"Refundable Partner Business
+ $66
220k miles
only 4 left",2025-02-27 12:49:56.366003
2026-01-23,LAX --> PPT,"Refundable Partner Business
+ $19
220k miles",2025-02-27 12:56:00.508243
2026-01-23,PPT --> LAX,"Refundable Partner Business
+ $66
220k miles
only 4 left",2025-02-27 12:59:23.690168
2026-01-23,LAX --> PPT,"Refundable Partner Business
+ $19
220k miles",2025-02-27 13:03:47.110290
2026-01-23,PPT --> LAX,"Refundable Partner Business
+ $66
220k miles
only 4 left",2025-02-27 13:16:12.245366
2026-01-23,LAX --> PPT,"Refundable Partner Business
+ $19
220k miles",2025-02-27 13:25:38.153069
2026-01-23,PPT --> LAX,"Refundable Partner Business
+ $66
220k miles
only 4 left",2025-02-27 13:31:36.364466
2026-01-23,LAX --> PPT,"Refundable Partner Business
+ $19
220k miles",2025-02-27 13:37:59.802764
2026-01-23,PPT --> LAX,"Refundable Partner Business
+ $66
220k miles
only 4 left",2025-02-27 13:40:37.170799
2026-01-23,LAX --> PPT,"Refundable Partner Business
+ $19
220k miles",2025-02-27 13:44:33.222860
2026-01-23,PPT --> LAX,"Refundable Partner Business
+ $66
220k miles
only 4 left",2025-02-27 13:58:58.724844
2026-01-23,LAX --> PPT,"Refundable Partner Business
+ $19
220k miles",2025-02-27 14:16:47.720823
2026-01-23,PPT --> LAX,"Refundable Partner Business
+ $66
220k miles
only 4 left",2025-02-27 14:25:39.332967
2026-01-23,LAX --> PPT,"Refundable Partner Business
+ $19
220k miles",2025-02-27 14:37:15.888404
2026-01-23,PPT --> LAX,"Refundable Partner Business
+ $66
220k miles
only 4 left",2025-02-27 14:40:15.197433
2026-01-23,LAX --> PPT,"Refundable Partner Business
+ $19
220k miles",2025-02-27 14:45:17.836271
2026-01-23,PPT --> LAX,"Refundable Partner Business
+ $66
220k miles
only 4 left",2025-02-27 14:58:38.158858
2026-01-23,LAX --> PPT,"Refundable Partner Business
+ $19
220k miles",2025-02-27 15:19:48.736385
2026-01-23,PPT --> LAX,"Refundable Partner Business
+ $66
220k miles
only 4 left",2025-02-27 15:28:00.491706
2026-01-23,LAX --> PPT,"Refundable Partner Business
+ $19
220k miles",2025-02-27 15:35:19.381056
2026-01-23,PPT --> LAX,"Refundable Partner Business
+ $66
220k miles
only 4 left",2025-02-27 15:38:04.215669
2026-01-23,LAX --> PPT,"Refundable Partner Business
+ $19
220k miles",2025-02-27 15:44:01.818224
2026-01-23,PPT --> LAX,"Refundable Partner Business
+ $66
220k miles
only 4 left",2025-02-27 15:58:50.473469
2026-01-23,LAX --> PPT,"Refundable Partner Business
+ $19
220k miles",2025-02-27 16:22:16.339549
2026-01-23,PPT --> LAX,"Refundable Partner Business
+ $66
220k miles
only 4 left",2025-02-27 16:32:45.684186
2026-01-23,LAX --> PPT,"Refundable Partner Business
+ $19
220k miles",2025-02-27 16:42:13.633495
2026-01-23,PPT --> LAX,"Refundable Partner Business
+ $66
220k miles
only 4 left",2025-02-27 16:44:15.462295
2026-01-23,LAX --> PPT,"Refundable Partner Business
+ $19
220k miles",2025-02-27 16:49:39.521801
2026-01-23,PPT --> LAX,"Refundable Partner Business
+ $66
220k miles
only 4 left",2025-02-27 16:58:49.301253
2026-01-23,LAX --> PPT,"Refundable Partner Business
+ $19
220k miles",2025-02-27 17:15:45.696821
2026-01-23,PPT --> LAX,"Refundable Partner Business
+ $66
220k miles
only 4 left",2025-02-27 17:24:24.327105
2026-01-23,LAX --> PPT,"Refundable Partner Business
+ $19
220k miles",2025-02-27 17:34:47.472933
2026-01-23,PPT --> LAX,"Refundable Partner Business
+ $66
220k miles
only 4 left",2025-02-27 17:37:54.156272
2026-01-23,LAX --> PPT,"Refundable Partner Business
+ $19
220k miles",2025-02-27 17:43:24.488020
2026-01-23,PPT --> LAX,"Refundable Partner Business
+ $66
220k miles
only 4 left",2025-02-27 17:58:31.921941
2026-01-23,LAX --> PPT,"Refundable Partner Business
+ $19
220k miles",2025-02-27 18:24:27.733091
2026-01-23,PPT --> LAX,"Refundable Partner Business
+ $66
220k miles
only 4 left",2025-02-27 18:34:18.948784
2026-01-23,LAX --> PPT,"Refundable Partner Business
+ $19
220k miles",2025-02-27 18:42:01.598290
2026-01-23,PPT --> LAX,"Refundable Partner Business
+ $66
220k miles
only 4 left",2025-02-27 18:44:28.451241
2026-01-23,LAX --> PPT,"Refundable Partner Business
+ $19
220k miles",2025-02-27 18:48:50.603882
2026-01-23,PPT --> LAX,"Refundable Partner Business
+ $66
220k miles
only 4 left",2025-02-27 18:58:58.985355
2026-01-23,LAX --> PPT,"Refundable Partner Business
+ $19
220k miles",2025-02-27 19:14:14.213068
2026-01-23,PPT --> LAX,"Refundable Partner Business
+ $66
220k miles
only 4 left",2025-02-27 19:20:23.227225
2026-01-23,LAX --> PPT,"Refundable Partner Business
+ $19
220k miles",2025-02-27 19:28:12.648455
2026-01-23,PPT --> LAX,"Refundable Partner Business
+ $66
220k miles
only 4 left",2025-02-27 19:36:33.722585
2026-01-23,LAX --> PPT,"Refundable Partner Business
+ $19
220k miles",2025-02-27 19:43:04.709709
2026-01-23,PPT --> LAX,"Refundable Partner Business
+ $66
220k miles
only 4 left",2025-02-27 19:58:37.769838
2026-01-23,LAX --> PPT,"Refundable Partner Business
+ $19
220k miles",2025-02-27 20:19:09.847758
2026-01-23,PPT --> LAX,"Refundable Partner Business
+ $66
220k miles
only 4 left",2025-02-27 20:27:01.488121
2026-01-23,LAX --> PPT,"Refundable Partner Business
+ $19
220k miles",2025-02-27 20:34:06.986957
2026-01-23,PPT --> LAX,"Refundable Partner Business
+ $66
220k miles
only 4 left",2025-02-27 20:38:01.354146
2026-01-23,LAX --> PPT,"Refundable Partner Business
+ $19
220k miles",2025-02-27 20:44:01.775944
2026-01-23,PPT --> LAX,"Refundable Partner Business
+ $66
220k miles
only 4 left",2025-02-27 20:58:55.817408
2026-01-23,LAX --> PPT,"Refundable Partner Business
+ $19
220k miles",2025-02-27 21:16:14.832370
2026-01-23,PPT --> LAX,"Refundable Partner Business
+ $66
220k miles
only 4 left",2025-02-27 21:23:34.513049
2026-01-23,LAX --> PPT,"Refundable Partner Business
+ $19
220k miles",2025-02-27 21:31:00.935469
2026-01-23,PPT --> LAX,"Refundable Partner Business
+ $66
220k miles
only 4 left",2025-02-27 21:35:31.185248
2026-01-23,LAX --> PPT,"Refundable Partner Business
+ $19
220k miles",2025-02-27 21:43:24.994975
2026-01-23,PPT --> LAX,"Refundable Partner Business
+ $66
220k miles
only 4 left",2025-02-27 21:58:58.073644
2026-01-23,LAX --> PPT,"Refundable Partner Business
+ $19
220k miles",2025-02-27 22:17:19.147143
2026-01-23,PPT --> LAX,"Refundable Partner Business
+ $66
220k miles
only 4 left",2025-02-27 22:26:52.869763
2026-01-23,LAX --> PPT,"Refundable Partner Business
+ $19
220k miles",2025-02-27 22:36:41.264478
2026-01-23,PPT --> LAX,"Refundable Partner Business
+ $66
220k miles
only 4 left",2025-02-27 22:39:26.743881
2026-01-23,LAX --> PPT,"Refundable Partner Business
+ $19
220k miles",2025-02-27 22:44:08.745614
2026-01-23,PPT --> LAX,"Refundable Partner Business
+ $66
220k miles
only 4 left",2025-02-27 22:59:11.300277
2026-01-23,PPT --> LAX,"Refundable Partner Business
+ $66
220k miles
only 4 left",2025-02-27 23:24:18.201679
2026-01-23,LAX --> PPT,"Refundable Partner Business
+ $19
220k miles",2025-02-27 23:30:40.246031
2026-01-23,PPT --> LAX,"Refundable Partner Business
+ $66
220k miles
only 4 left",2025-02-27 23:35:31.862762
2026-01-23,LAX --> PPT,"Refundable Partner Business
+ $19
220k miles",2025-02-27 23:43:30.488901
2026-01-23,PPT --> LAX,"Refundable Partner Business
+ $66
220k miles
only 4 left",2025-02-27 23:58:32.407685
2026-01-24,LAX --> PPT,"Refundable Partner Business
+ $19
220k miles",2025-02-28 01:17:58.779204
2026-01-24,PPT --> LAX,"Refundable Partner Business
+ $66
60k miles
only 4 left",2025-02-28 01:53:57.536321
2026-01-24,LAX --> PPT,"Refundable Partner Business
+ $19
220k miles",2025-02-28 01:59:06.864684
2026-01-24,PPT --> LAX,"Refundable Partner Business
+ $66
60k miles
only 4 left",2025-02-28 02:04:15.362967
2026-01-24,LAX --> PPT,"Refundable Partner Business
+ $19
220k miles",2025-02-28 02:09:13.865725
2026-01-24,PPT --> LAX,"Refundable Partner Business
+ $66
60k miles
only 4 left",2025-02-28 02:13:05.988318
2026-01-24,LAX --> PPT,"Refundable Partner Business
+ $19
220k miles",2025-02-28 02:52:36.841468
2026-01-24,PPT --> LAX,"Refundable Partner Business
+ $66
60k miles
only 4 left",2025-02-28 02:57:43.382752
2026-01-24,LAX --> PPT,"Refundable Partner Business
+ $19
220k miles",2025-02-28 03:03:51.978227
2026-01-24,PPT --> LAX,"Refundable Partner Business
+ $66
60k miles
only 4 left",2025-02-28 03:05:33.288759
2026-01-24,LAX --> PPT,"Refundable Partner Business
+ $19
220k miles",2025-02-28 03:06:40.456050
2026-01-24,PPT --> LAX,"Refundable Partner Business
+ $66
60k miles
only 4 left",2025-02-28 03:17:16.531249
2026-01-24,LAX --> PPT,"Refundable Partner Business
+ $19
220k miles",2025-02-28 03:24:54.105943
2026-01-24,PPT --> LAX,"Refundable Partner Business
+ $66
60k miles
only 4 left",2025-02-28 03:31:59.361317
2026-01-24,LAX --> PPT,"Refundable Partner Business
+ $19
220k miles",2025-02-28 03:40:46.838452
2026-01-24,PPT --> LAX,"Refundable Partner Business
+ $66
60k miles
only 4 left",2025-02-28 03:43:12.215829
2026-01-24,LAX --> PPT,"Refundable Partner Business
+ $19
220k miles",2025-02-28 03:47:52.197323
2026-01-24,PPT --> LAX,"Refundable Partner Business
+ $66
60k miles
only 4 left",2025-02-28 03:59:03.282153
2026-01-24,LAX --> PPT,"Refundable Partner Business
+ $19
220k miles",2025-02-28 04:21:10.898321
2026-01-24,PPT --> LAX,"Refundable Partner Business
+ $66
60k miles
only 4 left",2025-02-28 04:30:23.070180
2026-01-24,LAX --> PPT,"Refundable Partner Business
+ $19
220k miles",2025-02-28 04:38:29.600974
2026-01-24,PPT --> LAX,"Refundable Partner Business
+ $66
60k miles
only 4 left",2025-02-28 04:41:20.572686
2026-01-24,LAX --> PPT,"Refundable Partner Business
+ $19
220k miles",2025-02-28 04:46:21.000568
2026-01-24,PPT --> LAX,"Refundable Partner Business
+ $66
60k miles
only 4 left",2025-02-28 04:58:48.838723
2026-01-24,LAX --> PPT,"Refundable Partner Business
+ $19
220k miles",2025-02-28 05:18:47.429788
2026-01-24,PPT --> LAX,"Refundable Partner Business
+ $66
60k miles
only 4 left",2025-02-28 05:27:16.024407
2026-01-24,LAX --> PPT,"Refundable Partner Business
+ $19
220k miles",2025-02-28 05:36:38.591219
2026-01-24,PPT --> LAX,"Refundable Partner Business
+ $66
60k miles
only 4 left",2025-02-28 05:39:22.739046
2026-01-24,LAX --> PPT,"Refundable Partner Business
+ $19
220k miles",2025-02-28 05:44:46.011774
2026-01-24,PPT --> LAX,"Refundable Partner Business
+ $66
60k miles
only 4 left",2025-02-28 05:58:47.415857
2026-01-24,LAX --> PPT,"Refundable Partner Business
+ $19
220k miles",2025-02-28 06:24:16.135383
2026-01-24,PPT --> LAX,"Refundable Partner Business
+ $66
60k miles
only 4 left",2025-02-28 06:34:35.587108
2026-01-24,LAX --> PPT,"Refundable Partner Business
+ $19
220k miles",2025-02-28 06:42:11.608146
2026-01-24,PPT --> LAX,"Refundable Partner Business
+ $66
60k miles
only 4 left",2025-02-28 06:44:00.341023
2026-01-24,LAX --> PPT,"Refundable Partner Business
+ $19
220k miles",2025-02-28 06:48:24.988501
2026-01-24,PPT --> LAX,"Refundable Partner Business
+ $66
60k miles
only 4 left",2025-02-28 06:58:57.898571
2026-01-24,LAX --> PPT,"Refundable Partner Business
+ $19
220k miles",2025-02-28 07:16:35.908754
2026-01-24,PPT --> LAX,"Refundable Partner Business
+ $66
60k miles
only 4 left",2025-02-28 07:23:54.886946
2026-01-24,LAX --> PPT,"Refundable Partner Business
+ $19
220k miles",2025-02-28 07:30:20.876768
2026-01-24,PPT --> LAX,"Refundable Partner Business
+ $66
60k miles
only 4 left",2025-02-28 07:34:53.033550
2026-01-24,LAX --> PPT,"Refundable Partner Business
+ $19
220k miles",2025-02-28 07:43:09.290510
2026-01-24,PPT --> LAX,"Refundable Partner Business
+ $66
60k miles
only 4 left",2025-02-28 07:58:40.129935
2026-01-24,LAX --> PPT,"Refundable Partner Business
+ $19
220k miles",2025-02-28 08:21:45.367351
2026-01-24,PPT --> LAX,"Refundable Partner Business
+ $66
60k miles
only 4 left",2025-02-28 08:31:50.571376
2026-01-24,LAX --> PPT,"Refundable Partner Business
+ $19
220k miles",2025-02-28 08:38:31.130998
2026-01-24,PPT --> LAX,"Refundable Partner Business
+ $66
60k miles
only 4 left",2025-02-28 08:41:29.212697
2026-01-24,LAX --> PPT,"Refundable Partner Business
+ $19
220k miles",2025-02-28 08:47:14.399152
2026-01-24,PPT --> LAX,"Refundable Partner Business
+ $66
60k miles
only 4 left",2025-02-28 08:58:40.656275
2026-01-24,LAX --> PPT,"Refundable Partner Business
+ $19
220k miles",2025-02-28 09:18:54.636444
2026-01-24,PPT --> LAX,"Refundable Partner Business
+ $66
60k miles
only 4 left",2025-02-28 09:26:53.474016
2026-01-24,LAX --> PPT,"Refundable Partner Business
+ $19
220k miles",2025-02-28 09:33:54.151300
2026-01-24,PPT --> LAX,"Refundable Partner Business
+ $66
60k miles
only 4 left",2025-02-28 09:37:11.738824
2026-01-24,LAX --> PPT,"Refundable Partner Business
+ $19
220k miles",2025-02-28 09:43:32.695192
2026-01-24,PPT --> LAX,"Refundable Partner Business
+ $66
60k miles
only 4 left",2025-02-28 09:59:01.857028
2026-01-24,LAX --> PPT,"Refundable Partner Business
+ $19
220k miles",2025-02-28 10:18:26.547676
2026-01-24,PPT --> LAX,"Refundable Partner Business
+ $66
60k miles
only 4 left",2025-02-28 10:27:38.316091
2026-01-24,LAX --> PPT,"Refundable Partner Business
+ $19
220k miles",2025-02-28 10:38:56.167293
2026-01-24,PPT --> LAX,"Refundable Partner Business
+ $66
60k miles
only 4 left",2025-02-28 10:40:51.373084
2026-01-24,LAX --> PPT,"Refundable Partner Business
+ $19
220k miles",2025-02-28 10:45:12.309715
2026-01-24,PPT --> LAX,"Refundable Partner Business
+ $66
60k miles
only 4 left",2025-02-28 10:59:00.713373
2026-01-24,LAX --> PPT,"Refundable Partner Business
+ $19
220k miles",2025-02-28 11:14:51.020434
2026-01-24,PPT --> LAX,"Refundable Partner Business
+ $66
60k miles
only 4 left",2025-02-28 11:21:15.608185
2026-01-24,LAX --> PPT,"Refundable Partner Business
+ $19
220k miles",2025-02-28 11:28:30.616100
2026-01-24,PPT --> LAX,"Refundable Partner Business
+ $66
60k miles
only 4 left",2025-02-28 11:35:36.670537
2026-01-24,LAX --> PPT,"Refundable Partner Business
+ $19
220k miles",2025-02-28 11:43:20.287434
2026-01-24,PPT --> LAX,"Refundable Partner Business
+ $66
60k miles
only 4 left",2025-02-28 11:58:40.216837
2026-01-24,LAX --> PPT,"Refundable Partner Business
+ $19
220k miles",2025-02-28 12:33:17.890614
2026-01-24,PPT --> LAX,"Refundable Partner Business
+ $66
60k miles
only 4 left",2025-02-28 12:49:07.801714
2026-01-24,LAX --> PPT,"Refundable Partner Business
+ $19
220k miles",2025-02-28 12:54:50.019105
2026-01-24,PPT --> LAX,"Refundable Partner Business
+ $66
60k miles
only 4 left",2025-02-28 12:58:03.036457
2026-01-24,LAX --> PPT,"Refundable Partner Business
+ $19
220k miles",2025-02-28 13:02:54.367809
2026-01-24,PPT --> LAX,"Refundable Partner Business
+ $66
60k miles
only 4 left",2025-02-28 13:15:10.343202
2026-01-24,PPT --> LAX,"Refundable Partner Business
+ $66
60k miles
only 4 left",2025-02-28 13:30:16.014673
2026-01-24,LAX --> PPT,"Refundable Partner Business
+ $19
220k miles",2025-02-28 13:36:51.090130
2026-01-24,PPT --> LAX,"Refundable Partner Business
+ $66
60k miles
only 4 left",2025-02-28 13:39:19.983293
2026-01-24,LAX --> PPT,"Refundable Partner Business
+ $19
220k miles",2025-02-28 13:43:22.005510
2026-01-24,PPT --> LAX,"Refundable Partner Business
+ $66
60k miles
only 4 left",2025-02-28 13:58:58.059491
2026-01-24,LAX --> PPT,"Refundable Partner Business
+ $19
220k miles",2025-02-28 14:16:28.712738
2026-01-24,PPT --> LAX,"Refundable Partner Business
+ $66
60k miles
only 4 left",2025-02-28 14:25:33.962718
2026-01-24,LAX --> PPT,"Refundable Partner Business
+ $19
220k miles",2025-02-28 14:36:13.685686
2026-01-24,PPT --> LAX,"Refundable Partner Business
+ $66
60k miles
only 4 left",2025-02-28 14:39:29.698868
2026-01-24,LAX --> PPT,"Refundable Partner Business
+ $19
220k miles",2025-02-28 14:44:24.770895
2026-01-24,PPT --> LAX,"Refundable Partner Business
+ $66
60k miles
only 4 left",2025-02-28 14:59:12.125643
2026-01-24,LAX --> PPT,"Refundable Partner Business
+ $19
220k miles",2025-02-28 15:20:30.093989
2026-01-24,PPT --> LAX,"Refundable Partner Business
+ $66
60k miles
only 4 left",2025-02-28 15:26:48.365750
2026-01-24,LAX --> PPT,"Refundable Partner Business
+ $19
220k miles",2025-02-28 15:34:14.596207
2026-01-24,PPT --> LAX,"Refundable Partner Business
+ $66
60k miles
only 4 left",2025-02-28 15:38:21.443600
2026-01-24,LAX --> PPT,"Refundable Partner Business
+ $19
220k miles",2025-02-28 15:43:58.093900
2026-01-24,PPT --> LAX,"Refundable Partner Business
+ $66
60k miles
only 4 left",2025-02-28 15:59:05.084990
2026-01-24,LAX --> PPT,"Refundable Partner Business
+ $19
220k miles",2025-02-28 16:22:04.869694
2026-01-24,PPT --> LAX,"Refundable Partner Business
+ $66
60k miles
only 4 left",2025-02-28 16:31:42.030517
2026-01-24,LAX --> PPT,"Refundable Partner Business
+ $19
220k miles",2025-02-28 16:41:23.838898
2026-01-24,PPT --> LAX,"Refundable Partner Business
+ $66
60k miles
only 4 left",2025-02-28 16:43:22.219740
2026-01-24,LAX --> PPT,"Refundable Partner Business
+ $19
220k miles",2025-02-28 16:47:59.539020
2026-01-24,PPT --> LAX,"Refundable Partner Business
+ $66
60k miles
only 4 left",2025-02-28 16:58:48.496034
2026-01-24,LAX --> PPT,"Refundable Partner Business
+ $19
220k miles",2025-02-28 17:14:43.944330
2026-01-24,PPT --> LAX,"Refundable Partner Business
+ $66
60k miles
only 4 left",2025-02-28 17:21:23.824076
2026-01-24,LAX --> PPT,"Refundable Partner Business
+ $19
220k miles",2025-02-28 17:33:15.319072
2026-01-24,PPT --> LAX,"Refundable Partner Business
+ $66
60k miles
only 4 left",2025-02-28 17:37:54.841199
2026-01-24,LAX --> PPT,"Refundable Partner Business
+ $19
220k miles",2025-02-28 17:43:08.946608
2026-01-24,PPT --> LAX,"Refundable Partner Business
+ $66
60k miles
only 4 left",2025-02-28 17:58:51.156243
2026-01-24,LAX --> PPT,"Refundable Partner Business
+ $19
220k miles",2025-02-28 18:23:35.846716
2026-01-24,PPT --> LAX,"Refundable Partner Business
+ $66
60k miles
only 4 left",2025-02-28 18:33:47.926746
2026-01-24,LAX --> PPT,"Refundable Partner Business
+ $19
220k miles",2025-02-28 18:41:15.394037
2026-01-24,PPT --> LAX,"Refundable Partner Business
+ $66
60k miles
only 4 left",2025-02-28 18:44:03.934414
2026-01-24,LAX --> PPT,"Refundable Partner Business
+ $19
220k miles",2025-02-28 18:48:16.777521
2026-01-24,PPT --> LAX,"Refundable Partner Business
+ $66
60k miles
only 4 left",2025-02-28 18:58:46.958706
2026-01-24,LAX --> PPT,"Refundable Partner Business
+ $19
220k miles",2025-02-28 19:15:11.255775
2026-01-24,PPT --> LAX,"Refundable Partner Business
+ $66
60k miles
only 4 left",2025-02-28 19:21:13.226491
2026-01-24,LAX --> PPT,"Refundable Partner Business
+ $19
220k miles",2025-02-28 19:28:44.611725
2026-01-24,PPT --> LAX,"Refundable Partner Business
+ $66
60k miles
only 4 left",2025-02-28 19:35:21.474929
2026-01-24,LAX --> PPT,"Refundable Partner Business
+ $19
220k miles",2025-02-28 19:43:24.792513
2026-01-24,PPT --> LAX,"Refundable Partner Business
+ $66
60k miles
only 4 left",2025-02-28 19:58:42.207089
2026-01-24,LAX --> PPT,"Refundable Partner Business
+ $19
220k miles",2025-02-28 20:19:09.446263
2026-01-24,PPT --> LAX,"Refundable Partner Business
+ $66
60k miles
only 4 left",2025-02-28 20:26:38.787977
2026-01-24,LAX --> PPT,"Refundable Partner Business
+ $19
220k miles",2025-02-28 20:33:47.349535
